date,property,metric,value,unit_window,source
2026-05-27,glyc,ga4_debotted_sessions,75,28d,ga4_api
2026-05-27,glyc,ga4_engaged_sessions,156,28d,ga4_api
2026-05-27,glyc,ga4_total_users,8517,28d,ga4_api
2026-05-27,glyc,ga4_sign_ups,2,28d,ga4_api
2026-05-27,glyc,gsc_clicks,0,7d,gsc_api
2026-05-27,glyc,gsc_impressions,37,7d,gsc_api
2026-05-27,glyc,gsc_avg_position,75.4,7d,gsc_api
2026-05-27,glyc,indexed_pages,113,snapshot,manual (GSC UI / native, 2026-05-27)
2026-05-27,glyc,social_bsky_followers,47,snapshot,manual (GSC UI / native, 2026-05-27)
2026-05-27,glyc,social_masto_followers,1,snapshot,manual (GSC UI / native, 2026-05-27)
2026-05-27,glyc,social_x_followers,9,snapshot,manual (GSC UI / native, 2026-05-27)
2026-05-27,ibd,ga4_debotted_sessions,46,28d,ga4_api
2026-05-27,ibd,ga4_engaged_sessions,49,28d,ga4_api
2026-05-27,ibd,ga4_total_users,607,28d,ga4_api
2026-05-27,ibd,ga4_sign_ups,0,28d,ga4_api
2026-05-27,ibd,gsc_clicks,0,7d,gsc_api
2026-05-27,ibd,gsc_impressions,31,7d,gsc_api
2026-05-27,ibd,gsc_avg_position,83.9,7d,gsc_api
2026-05-27,ibd,indexed_pages,90,snapshot,manual (GSC UI / native, 2026-05-27)
2026-05-27,ibd,social_bsky_followers,39,snapshot,manual (GSC UI / native, 2026-05-27)
2026-05-27,ibd,social_masto_followers,3,snapshot,manual (GSC UI / native, 2026-05-27)
2026-05-27,ibd,social_x_followers,2,snapshot,manual (GSC UI / native, 2026-05-27)
2026-05-27,glyc,ga4_returning_users,105,28d,ga4_api
2026-05-27,glyc,utm_social_sessions,32,28d,ga4_api
2026-05-27,ibd,ga4_returning_users,31,28d,ga4_api
2026-05-27,ibd,utm_social_sessions,40,28d,ga4_api
2026-05-28,glyc,ga4_total_users,8517,28d,ga4_api
2026-05-28,glyc,ga4_engaged_sessions,157,28d,ga4_api
2026-05-28,glyc,ga4_debotted_sessions,81,28d,ga4_api
2026-05-28,glyc,ga4_sign_ups,2,28d,ga4_api
2026-05-28,glyc,ga4_returning_users,108,28d,ga4_api
2026-05-28,glyc,utm_social_sessions,34,28d,ga4_api
2026-05-28,ibd,ga4_total_users,604,28d,ga4_api
2026-05-28,ibd,ga4_engaged_sessions,46,28d,ga4_api
2026-05-28,ibd,ga4_debotted_sessions,45,28d,ga4_api
2026-05-28,ibd,ga4_sign_ups,0,28d,ga4_api
2026-05-28,ibd,ga4_returning_users,31,28d,ga4_api
2026-05-28,ibd,utm_social_sessions,41,28d,ga4_api
2026-05-28,glyc,gsc_clicks,0,7d,gsc_api
2026-05-28,glyc,gsc_impressions,24,7d,gsc_api
2026-05-28,glyc,gsc_avg_position,71.5,7d,gsc_api
2026-05-28,ibd,gsc_clicks,0,7d,gsc_api
2026-05-28,ibd,gsc_impressions,25,7d,gsc_api
2026-05-28,ibd,gsc_avg_position,83.7,7d,gsc_api
2026-05-28,glyc,social_bsky_followers,47,snapshot,bluesky_api
2026-05-28,glyc,social_bsky_likes_last10,16,last10,bluesky_api
2026-05-28,glyc,social_bsky_reposts_last10,1,last10,bluesky_api
2026-05-28,glyc,social_masto_followers,1,snapshot,mastodon_api
2026-05-28,glyc,social_masto_favs_last10,0,last10,mastodon_api
2026-05-28,glyc,social_masto_boosts_last10,0,last10,mastodon_api
2026-05-28,ibd,social_bsky_followers,40,snapshot,bluesky_api
2026-05-28,ibd,social_bsky_likes_last10,10,last10,bluesky_api
2026-05-28,ibd,social_bsky_reposts_last10,1,last10,bluesky_api
2026-05-28,ibd,social_masto_followers,3,snapshot,mastodon_api
2026-05-28,ibd,social_masto_favs_last10,1,last10,mastodon_api
2026-05-28,ibd,social_masto_boosts_last10,2,last10,mastodon_api
2026-05-29,glyc,ga4_total_users,8554,28d,ga4_api
2026-05-29,glyc,ga4_engaged_sessions,150,28d,ga4_api
2026-05-29,glyc,ga4_debotted_sessions,113,28d,ga4_api
2026-05-29,glyc,ga4_sign_ups,1,28d,ga4_api
2026-05-29,glyc,ga4_returning_users,102,28d,ga4_api
2026-05-29,glyc,utm_social_sessions,38,28d,ga4_api
2026-05-29,ibd,ga4_total_users,610,28d,ga4_api
2026-05-29,ibd,ga4_engaged_sessions,49,28d,ga4_api
2026-05-29,ibd,ga4_debotted_sessions,50,28d,ga4_api
2026-05-29,ibd,ga4_sign_ups,0,28d,ga4_api
2026-05-29,ibd,ga4_returning_users,34,28d,ga4_api
2026-05-29,ibd,utm_social_sessions,46,28d,ga4_api
2026-05-29,glyc,gsc_clicks,0,7d,gsc_api
2026-05-29,glyc,gsc_impressions,23,7d,gsc_api
2026-05-29,glyc,gsc_avg_position,73.0,7d,gsc_api
2026-05-29,ibd,gsc_clicks,0,7d,gsc_api
2026-05-29,ibd,gsc_impressions,25,7d,gsc_api
2026-05-29,ibd,gsc_avg_position,82.5,7d,gsc_api
2026-05-29,glyc,social_bsky_followers,47,snapshot,bluesky_api
2026-05-29,glyc,social_bsky_likes_last10,15,last10,bluesky_api
2026-05-29,glyc,social_bsky_reposts_last10,1,last10,bluesky_api
2026-05-29,glyc,social_masto_followers,1,snapshot,mastodon_api
2026-05-29,glyc,social_masto_favs_last10,0,last10,mastodon_api
2026-05-29,glyc,social_masto_boosts_last10,0,last10,mastodon_api
2026-05-29,ibd,social_bsky_followers,42,snapshot,bluesky_api
2026-05-29,ibd,social_bsky_likes_last10,12,last10,bluesky_api
2026-05-29,ibd,social_bsky_reposts_last10,1,last10,bluesky_api
2026-05-29,ibd,social_masto_followers,3,snapshot,mastodon_api
2026-05-29,ibd,social_masto_favs_last10,1,last10,mastodon_api
2026-05-29,ibd,social_masto_boosts_last10,2,last10,mastodon_api
2026-05-30,glyc,ga4_total_users,8936,28d,ga4_api
2026-05-30,glyc,ga4_engaged_sessions,147,28d,ga4_api
2026-05-30,glyc,ga4_debotted_sessions,148,28d,ga4_api
2026-05-30,glyc,ga4_sign_ups,1,28d,ga4_api
2026-05-30,glyc,ga4_returning_users,102,28d,ga4_api
2026-05-30,glyc,utm_social_sessions,37,28d,ga4_api
2026-05-30,ibd,ga4_total_users,623,28d,ga4_api
2026-05-30,ibd,ga4_engaged_sessions,48,28d,ga4_api
2026-05-30,ibd,ga4_debotted_sessions,52,28d,ga4_api
2026-05-30,ibd,ga4_sign_ups,0,28d,ga4_api
2026-05-30,ibd,ga4_returning_users,34,28d,ga4_api
2026-05-30,ibd,utm_social_sessions,46,28d,ga4_api
2026-05-30,glyc,gsc_clicks,0,7d,gsc_api
2026-05-30,glyc,gsc_impressions,19,7d,gsc_api
2026-05-30,glyc,gsc_avg_position,73.4,7d,gsc_api
2026-05-30,ibd,gsc_clicks,0,7d,gsc_api
2026-05-30,ibd,gsc_impressions,23,7d,gsc_api
2026-05-30,ibd,gsc_avg_position,81.5,7d,gsc_api
2026-05-30,glyc,social_bsky_followers,47,snapshot,bluesky_api
2026-05-30,glyc,social_bsky_likes_last10,14,last10,bluesky_api
2026-05-30,glyc,social_bsky_reposts_last10,2,last10,bluesky_api
2026-05-30,glyc,social_masto_followers,2,snapshot,mastodon_api
2026-05-30,glyc,social_masto_favs_last10,0,last10,mastodon_api
2026-05-30,glyc,social_masto_boosts_last10,0,last10,mastodon_api
2026-05-30,ibd,social_bsky_followers,44,snapshot,bluesky_api
2026-05-30,ibd,social_bsky_likes_last10,12,last10,bluesky_api
2026-05-30,ibd,social_bsky_reposts_last10,1,last10,bluesky_api
2026-05-30,ibd,social_masto_followers,4,snapshot,mastodon_api
2026-05-30,ibd,social_masto_favs_last10,1,last10,mastodon_api
2026-05-30,ibd,social_masto_boosts_last10,2,last10,mastodon_api
2026-05-31,glyc,ga4_total_users,9124,28d,ga4_api
2026-05-31,glyc,ga4_engaged_sessions,148,28d,ga4_api
2026-05-31,glyc,ga4_debotted_sessions,114,28d,ga4_api
2026-05-31,glyc,ga4_sign_ups,1,28d,ga4_api
2026-05-31,glyc,ga4_returning_users,100,28d,ga4_api
2026-05-31,glyc,utm_social_sessions,39,28d,ga4_api
2026-05-31,ibd,ga4_total_users,624,28d,ga4_api
2026-05-31,ibd,ga4_engaged_sessions,49,28d,ga4_api
2026-05-31,ibd,ga4_debotted_sessions,53,28d,ga4_api
2026-05-31,ibd,ga4_sign_ups,0,28d,ga4_api
2026-05-31,ibd,ga4_returning_users,34,28d,ga4_api
2026-05-31,ibd,utm_social_sessions,47,28d,ga4_api
2026-05-31,glyc,gsc_clicks,0,7d,gsc_api
2026-05-31,glyc,gsc_impressions,17,7d,gsc_api
2026-05-31,glyc,gsc_avg_position,71.5,7d,gsc_api
2026-05-31,ibd,gsc_clicks,0,7d,gsc_api
2026-05-31,ibd,gsc_impressions,21,7d,gsc_api
2026-05-31,ibd,gsc_avg_position,80.3,7d,gsc_api
2026-05-31,glyc,social_bsky_followers,47,snapshot,bluesky_api
2026-05-31,glyc,social_bsky_likes_last10,15,last10,bluesky_api
2026-05-31,glyc,social_bsky_reposts_last10,2,last10,bluesky_api
2026-05-31,glyc,social_masto_followers,2,snapshot,mastodon_api
2026-05-31,glyc,social_masto_favs_last10,0,last10,mastodon_api
2026-05-31,glyc,social_masto_boosts_last10,0,last10,mastodon_api
2026-05-31,ibd,social_bsky_followers,48,snapshot,bluesky_api
2026-05-31,ibd,social_bsky_likes_last10,12,last10,bluesky_api
2026-05-31,ibd,social_bsky_reposts_last10,1,last10,bluesky_api
2026-05-31,ibd,social_masto_followers,4,snapshot,mastodon_api
2026-05-31,ibd,social_masto_favs_last10,1,last10,mastodon_api
2026-05-31,ibd,social_masto_boosts_last10,2,last10,mastodon_api
2026-06-01,glyc,indexed_pages,117,snapshot,browser-automation (gsc-ui)
2026-06-01,ibd,indexed_pages,105,snapshot,browser-automation (gsc-ui)
2026-06-01,glyc,ga4_total_users,9218,28d,ga4_api
2026-06-01,glyc,ga4_engaged_sessions,147,28d,ga4_api
2026-06-01,glyc,ga4_debotted_sessions,106,28d,ga4_api
2026-06-01,glyc,ga4_sign_ups,1,28d,ga4_api
2026-06-01,glyc,ga4_returning_users,103,28d,ga4_api
2026-06-01,glyc,utm_social_sessions,40,28d,ga4_api
2026-06-01,ibd,ga4_total_users,638,28d,ga4_api
2026-06-01,ibd,ga4_engaged_sessions,53,28d,ga4_api
2026-06-01,ibd,ga4_debotted_sessions,56,28d,ga4_api
2026-06-01,ibd,ga4_sign_ups,0,28d,ga4_api
2026-06-01,ibd,ga4_returning_users,36,28d,ga4_api
2026-06-01,ibd,utm_social_sessions,50,28d,ga4_api
2026-06-01,glyc,gsc_clicks,0,7d,gsc_api
2026-06-01,glyc,gsc_impressions,15,7d,gsc_api
2026-06-01,glyc,gsc_avg_position,69.9,7d,gsc_api
2026-06-01,ibd,gsc_clicks,0,7d,gsc_api
2026-06-01,ibd,gsc_impressions,25,7d,gsc_api
2026-06-01,ibd,gsc_avg_position,83.6,7d,gsc_api
2026-06-01,glyc,social_bsky_followers,49,snapshot,bluesky_api
2026-06-01,glyc,social_bsky_likes_last10,15,last10,bluesky_api
2026-06-01,glyc,social_bsky_reposts_last10,2,last10,bluesky_api
2026-06-01,glyc,social_masto_followers,2,snapshot,mastodon_api
2026-06-01,glyc,social_masto_favs_last10,0,last10,mastodon_api
2026-06-01,glyc,social_masto_boosts_last10,0,last10,mastodon_api
2026-06-01,ibd,social_bsky_followers,49,snapshot,bluesky_api
2026-06-01,ibd,social_bsky_likes_last10,14,last10,bluesky_api
2026-06-01,ibd,social_bsky_reposts_last10,1,last10,bluesky_api
2026-06-01,ibd,social_masto_followers,5,snapshot,mastodon_api
2026-06-01,ibd,social_masto_favs_last10,0,last10,mastodon_api
2026-06-01,ibd,social_masto_boosts_last10,2,last10,mastodon_api
2026-06-02,glyc,ga4_total_users,9315,28d,ga4_api
2026-06-02,glyc,ga4_engaged_sessions,151,28d,ga4_api
2026-06-02,glyc,ga4_debotted_sessions,104,28d,ga4_api
2026-06-02,glyc,ga4_sign_ups,0,28d,ga4_api
2026-06-02,glyc,ga4_returning_users,109,28d,ga4_api
2026-06-02,glyc,utm_social_sessions,42,28d,ga4_api
2026-06-02,ibd,ga4_total_users,649,28d,ga4_api
2026-06-02,ibd,ga4_engaged_sessions,54,28d,ga4_api
2026-06-02,ibd,ga4_debotted_sessions,56,28d,ga4_api
2026-06-02,ibd,ga4_sign_ups,0,28d,ga4_api
2026-06-02,ibd,ga4_returning_users,35,28d,ga4_api
2026-06-02,ibd,utm_social_sessions,50,28d,ga4_api
2026-06-02,glyc,gsc_clicks,0,7d,gsc_api
2026-06-02,glyc,gsc_impressions,15,7d,gsc_api
2026-06-02,glyc,gsc_avg_position,64.1,7d,gsc_api
2026-06-02,ibd,gsc_clicks,0,7d,gsc_api
2026-06-02,ibd,gsc_impressions,21,7d,gsc_api
2026-06-02,ibd,gsc_avg_position,80.1,7d,gsc_api
2026-06-02,glyc,social_bsky_followers,50,snapshot,bluesky_api
2026-06-02,glyc,social_bsky_likes_last10,15,last10,bluesky_api
2026-06-02,glyc,social_bsky_reposts_last10,3,last10,bluesky_api
2026-06-02,glyc,social_masto_followers,2,snapshot,mastodon_api
2026-06-02,glyc,social_masto_favs_last10,0,last10,mastodon_api
2026-06-02,glyc,social_masto_boosts_last10,0,last10,mastodon_api
2026-06-02,ibd,social_bsky_followers,50,snapshot,bluesky_api
2026-06-02,ibd,social_bsky_likes_last10,14,last10,bluesky_api
2026-06-02,ibd,social_bsky_reposts_last10,1,last10,bluesky_api
2026-06-02,ibd,social_masto_followers,5,snapshot,mastodon_api
2026-06-02,ibd,social_masto_favs_last10,0,last10,mastodon_api
2026-06-02,ibd,social_masto_boosts_last10,3,last10,mastodon_api
2026-06-03,glyc,ga4_total_users,7407,28d,ga4_api
2026-06-03,glyc,ga4_engaged_sessions,139,28d,ga4_api
2026-06-03,glyc,ga4_debotted_sessions,84,28d,ga4_api
2026-06-03,glyc,ga4_sign_ups,0,28d,ga4_api
2026-06-03,glyc,ga4_returning_users,111,28d,ga4_api
2026-06-03,glyc,utm_social_sessions,42,28d,ga4_api
2026-06-03,ibd,ga4_total_users,655,28d,ga4_api
2026-06-03,ibd,ga4_engaged_sessions,53,28d,ga4_api
2026-06-03,ibd,ga4_debotted_sessions,55,28d,ga4_api
2026-06-03,ibd,ga4_sign_ups,0,28d,ga4_api
2026-06-03,ibd,ga4_returning_users,35,28d,ga4_api
2026-06-03,ibd,utm_social_sessions,49,28d,ga4_api
2026-06-03,glyc,gsc_clicks,0,7d,gsc_api
2026-06-03,glyc,gsc_impressions,14,7d,gsc_api
2026-06-03,glyc,gsc_avg_position,64.2,7d,gsc_api
2026-06-03,ibd,gsc_clicks,0,7d,gsc_api
2026-06-03,ibd,gsc_impressions,20,7d,gsc_api
2026-06-03,ibd,gsc_avg_position,86.3,7d,gsc_api
2026-06-03,glyc,social_masto_followers,2,snapshot,mastodon_api
2026-06-03,glyc,social_masto_favs_last10,0,last10,mastodon_api
2026-06-03,glyc,social_masto_boosts_last10,0,last10,mastodon_api
2026-06-03,ibd,social_bsky_followers,52,snapshot,bluesky_api
2026-06-03,ibd,social_bsky_likes_last10,14,last10,bluesky_api
2026-06-03,ibd,social_bsky_reposts_last10,1,last10,bluesky_api
2026-06-03,ibd,social_masto_followers,5,snapshot,mastodon_api
2026-06-03,ibd,social_masto_favs_last10,0,last10,mastodon_api
2026-06-03,ibd,social_masto_boosts_last10,3,last10,mastodon_api
2026-06-03,glyc,social_ig_followers,32,snapshot,instagram_api
2026-06-03,glyc,social_ig_likes_last10,8,last10,instagram_api
2026-06-03,glyc,social_ig_comments_last10,0,last10,instagram_api
2026-06-03,glyc,social_ig_reach_last10,53,last10,instagram_api
2026-06-03,ibd,social_ig_followers,26,snapshot,instagram_api
2026-06-03,ibd,social_ig_likes_last10,14,last10,instagram_api
2026-06-03,ibd,social_ig_comments_last10,0,last10,instagram_api
2026-06-03,ibd,social_ig_reach_last10,28,last10,instagram_api
2026-06-04,glyc,ga4_total_users,7758,28d,ga4_api
2026-06-04,glyc,ga4_engaged_sessions,129,28d,ga4_api
2026-06-04,glyc,ga4_debotted_sessions,85,28d,ga4_api
2026-06-04,glyc,ga4_sign_ups,0,28d,ga4_api
2026-06-04,glyc,ga4_returning_users,106,28d,ga4_api
2026-06-04,glyc,utm_social_sessions,43,28d,ga4_api
2026-06-04,ibd,ga4_total_users,663,28d,ga4_api
2026-06-04,ibd,ga4_engaged_sessions,51,28d,ga4_api
2026-06-04,ibd,ga4_debotted_sessions,54,28d,ga4_api
2026-06-04,ibd,ga4_sign_ups,0,28d,ga4_api
2026-06-04,ibd,ga4_returning_users,33,28d,ga4_api
2026-06-04,ibd,utm_social_sessions,49,28d,ga4_api
2026-06-04,glyc,gsc_clicks,0,7d,gsc_api
2026-06-04,glyc,gsc_impressions,15,7d,gsc_api
2026-06-04,glyc,gsc_avg_position,67.6,7d,gsc_api
2026-06-04,ibd,gsc_clicks,0,7d,gsc_api
2026-06-04,ibd,gsc_impressions,20,7d,gsc_api
2026-06-04,ibd,gsc_avg_position,84.4,7d,gsc_api
2026-06-04,glyc,social_masto_followers,2,snapshot,mastodon_api
2026-06-04,glyc,social_masto_favs_last10,0,last10,mastodon_api
2026-06-04,glyc,social_masto_boosts_last10,0,last10,mastodon_api
2026-06-04,ibd,social_bsky_followers,53,snapshot,bluesky_api
2026-06-04,ibd,social_bsky_likes_last10,14,last10,bluesky_api
2026-06-04,ibd,social_bsky_reposts_last10,1,last10,bluesky_api
2026-06-04,ibd,social_masto_followers,5,snapshot,mastodon_api
2026-06-04,ibd,social_masto_favs_last10,0,last10,mastodon_api
2026-06-04,ibd,social_masto_boosts_last10,3,last10,mastodon_api
2026-06-05,glyc,ga4_total_users,7675,28d,ga4_api
2026-06-05,glyc,ga4_engaged_sessions,127,28d,ga4_api
2026-06-05,glyc,ga4_debotted_sessions,89,28d,ga4_api
2026-06-05,glyc,ga4_sign_ups,0,28d,ga4_api
2026-06-05,glyc,ga4_returning_users,106,28d,ga4_api
2026-06-05,glyc,utm_social_sessions,43,28d,ga4_api
2026-06-05,ibd,ga4_total_users,674,28d,ga4_api
2026-06-05,ibd,ga4_engaged_sessions,50,28d,ga4_api
2026-06-05,ibd,ga4_debotted_sessions,56,28d,ga4_api
2026-06-05,ibd,ga4_sign_ups,0,28d,ga4_api
2026-06-05,ibd,ga4_returning_users,32,28d,ga4_api
2026-06-05,ibd,utm_social_sessions,48,28d,ga4_api
2026-06-05,glyc,gsc_clicks,0,7d,gsc_api
2026-06-05,glyc,gsc_impressions,8,7d,gsc_api
2026-06-05,glyc,gsc_avg_position,64.8,7d,gsc_api
2026-06-05,ibd,gsc_clicks,0,7d,gsc_api
2026-06-05,ibd,gsc_impressions,16,7d,gsc_api
2026-06-05,ibd,gsc_avg_position,88.4,7d,gsc_api
2026-06-05,glyc,social_masto_followers,2,snapshot,mastodon_api
2026-06-05,glyc,social_masto_favs_last10,0,last10,mastodon_api
2026-06-05,glyc,social_masto_boosts_last10,0,last10,mastodon_api
2026-06-05,ibd,social_bsky_followers,53,snapshot,bluesky_api
2026-06-05,ibd,social_bsky_likes_last10,14,last10,bluesky_api
2026-06-05,ibd,social_bsky_reposts_last10,1,last10,bluesky_api
2026-06-05,ibd,social_masto_followers,5,snapshot,mastodon_api
2026-06-05,ibd,social_masto_favs_last10,0,last10,mastodon_api
2026-06-05,ibd,social_masto_boosts_last10,3,last10,mastodon_api
2026-06-06,glyc,ga4_total_users,8063,28d,ga4_api
2026-06-06,glyc,ga4_engaged_sessions,125,28d,ga4_api
2026-06-06,glyc,ga4_debotted_sessions,89,28d,ga4_api
2026-06-06,glyc,ga4_sign_ups,0,28d,ga4_api
2026-06-06,glyc,ga4_returning_users,104,28d,ga4_api
2026-06-06,glyc,utm_social_sessions,42,28d,ga4_api
2026-06-06,ibd,ga4_total_users,420,28d,ga4_api
2026-06-06,ibd,ga4_engaged_sessions,42,28d,ga4_api
2026-06-06,ibd,ga4_debotted_sessions,57,28d,ga4_api
2026-06-06,ibd,ga4_sign_ups,0,28d,ga4_api
2026-06-06,ibd,ga4_returning_users,31,28d,ga4_api
2026-06-06,ibd,utm_social_sessions,49,28d,ga4_api
2026-06-06,glyc,gsc_clicks,0,7d,gsc_api
2026-06-06,glyc,gsc_impressions,16,7d,gsc_api
2026-06-06,glyc,gsc_avg_position,68.8,7d,gsc_api
2026-06-06,ibd,gsc_clicks,0,7d,gsc_api
2026-06-06,ibd,gsc_impressions,16,7d,gsc_api
2026-06-06,ibd,gsc_avg_position,88.6,7d,gsc_api
2026-06-06,glyc,social_masto_followers,2,snapshot,mastodon_api
2026-06-06,glyc,social_masto_favs_last10,0,last10,mastodon_api
2026-06-06,glyc,social_masto_boosts_last10,0,last10,mastodon_api
2026-06-06,ibd,social_bsky_followers,53,snapshot,bluesky_api
2026-06-06,ibd,social_bsky_likes_last10,14,last10,bluesky_api
2026-06-06,ibd,social_bsky_reposts_last10,1,last10,bluesky_api
2026-06-06,ibd,social_masto_followers,5,snapshot,mastodon_api
2026-06-06,ibd,social_masto_favs_last10,0,last10,mastodon_api
2026-06-06,ibd,social_masto_boosts_last10,3,last10,mastodon_api
2026-06-07,glyc,ga4_total_users,8065,28d,ga4_api
2026-06-07,glyc,ga4_engaged_sessions,126,28d,ga4_api
2026-06-07,glyc,ga4_debotted_sessions,90,28d,ga4_api
2026-06-07,glyc,ga4_sign_ups,0,28d,ga4_api
2026-06-07,glyc,ga4_returning_users,104,28d,ga4_api
2026-06-07,glyc,utm_social_sessions,43,28d,ga4_api
2026-06-07,ibd,ga4_total_users,431,28d,ga4_api
2026-06-07,ibd,ga4_engaged_sessions,43,28d,ga4_api
2026-06-07,ibd,ga4_debotted_sessions,58,28d,ga4_api
2026-06-07,ibd,ga4_sign_ups,0,28d,ga4_api
2026-06-07,ibd,ga4_returning_users,33,28d,ga4_api
2026-06-07,ibd,utm_social_sessions,50,28d,ga4_api
2026-06-07,glyc,gsc_clicks,0,7d,gsc_api
2026-06-07,glyc,gsc_impressions,14,7d,gsc_api
2026-06-07,glyc,gsc_avg_position,70.5,7d,gsc_api
2026-06-07,ibd,gsc_clicks,0,7d,gsc_api
2026-06-07,ibd,gsc_impressions,18,7d,gsc_api
2026-06-07,ibd,gsc_avg_position,86.8,7d,gsc_api
2026-06-07,glyc,social_masto_followers,2,snapshot,mastodon_api
2026-06-07,glyc,social_masto_favs_last10,1,last10,mastodon_api
2026-06-07,glyc,social_masto_boosts_last10,0,last10,mastodon_api
2026-06-07,ibd,social_bsky_followers,54,snapshot,bluesky_api
2026-06-07,ibd,social_bsky_likes_last10,14,last10,bluesky_api
2026-06-07,ibd,social_bsky_reposts_last10,1,last10,bluesky_api
2026-06-07,ibd,social_masto_followers,5,snapshot,mastodon_api
2026-06-07,ibd,social_masto_favs_last10,0,last10,mastodon_api
2026-06-07,ibd,social_masto_boosts_last10,3,last10,mastodon_api
2026-06-08,glyc,ga4_total_users,8066,28d,ga4_api
2026-06-08,glyc,ga4_engaged_sessions,125,28d,ga4_api
2026-06-08,glyc,ga4_debotted_sessions,92,28d,ga4_api
2026-06-08,glyc,ga4_sign_ups,0,28d,ga4_api
2026-06-08,glyc,ga4_returning_users,98,28d,ga4_api
2026-06-08,glyc,utm_social_sessions,43,28d,ga4_api
2026-06-08,ibd,ga4_total_users,440,28d,ga4_api
2026-06-08,ibd,ga4_engaged_sessions,45,28d,ga4_api
2026-06-08,ibd,ga4_debotted_sessions,58,28d,ga4_api
2026-06-08,ibd,ga4_sign_ups,0,28d,ga4_api
2026-06-08,ibd,ga4_returning_users,33,28d,ga4_api
2026-06-08,ibd,utm_social_sessions,50,28d,ga4_api
2026-06-08,glyc,gsc_clicks,0,7d,gsc_api
2026-06-08,glyc,gsc_impressions,18,7d,gsc_api
2026-06-08,glyc,gsc_avg_position,69.9,7d,gsc_api
2026-06-08,ibd,gsc_clicks,0,7d,gsc_api
2026-06-08,ibd,gsc_impressions,17,7d,gsc_api
2026-06-08,ibd,gsc_avg_position,83.4,7d,gsc_api
2026-06-08,glyc,social_masto_followers,2,snapshot,mastodon_api
2026-06-08,glyc,social_masto_favs_last10,1,last10,mastodon_api
2026-06-08,glyc,social_masto_boosts_last10,0,last10,mastodon_api
2026-06-08,ibd,social_bsky_followers,56,snapshot,bluesky_api
2026-06-08,ibd,social_bsky_likes_last10,11,last10,bluesky_api
2026-06-08,ibd,social_bsky_reposts_last10,1,last10,bluesky_api
2026-06-08,ibd,social_masto_followers,5,snapshot,mastodon_api
2026-06-08,ibd,social_masto_favs_last10,0,last10,mastodon_api
2026-06-08,ibd,social_masto_boosts_last10,3,last10,mastodon_api
2026-06-08,glyc,indexed_pages,117,snapshot,browser-automation (gsc-ui)
2026-06-08,ibd,indexed_pages,105,snapshot,browser-automation (gsc-ui)
2026-06-08,glyc,social_bsky_followers,60,snapshot,bluesky_api
2026-06-08,glyc,social_bsky_likes_last10,16,last10,bluesky_api
2026-06-08,glyc,social_bsky_reposts_last10,2,last10,bluesky_api
2026-06-08,glyc,social_ig_followers,45,snapshot,instagram_api
2026-06-08,glyc,social_ig_likes_last10,10,last10,instagram_api
2026-06-08,glyc,social_ig_comments_last10,0,last10,instagram_api
2026-06-08,glyc,social_ig_reach_last10,88,last10,instagram_api
2026-06-08,ibd,social_ig_followers,26,snapshot,instagram_api
2026-06-08,ibd,social_ig_likes_last10,15,last10,instagram_api
2026-06-08,ibd,social_ig_comments_last10,0,last10,instagram_api
2026-06-08,ibd,social_ig_reach_last10,45,last10,instagram_api
2026-06-08,glyc,ga4_device_mobile_users,8006,28d,ga4_api
2026-06-08,glyc,ga4_device_mobile_engaged_sessions,52,28d,ga4_api
2026-06-08,glyc,ga4_device_desktop_users,52,28d,ga4_api
2026-06-08,glyc,ga4_device_desktop_engaged_sessions,56,28d,ga4_api
2026-06-08,glyc,ga4_device_tablet_users,3,28d,ga4_api
2026-06-08,glyc,ga4_device_tablet_engaged_sessions,17,28d,ga4_api
2026-06-08,ibd,ga4_device_desktop_users,423,28d,ga4_api
2026-06-08,ibd,ga4_device_desktop_engaged_sessions,34,28d,ga4_api
2026-06-08,ibd,ga4_device_mobile_users,14,28d,ga4_api
2026-06-08,ibd,ga4_device_mobile_engaged_sessions,3,28d,ga4_api
2026-06-08,ibd,ga4_device_tablet_users,3,28d,ga4_api
2026-06-08,ibd,ga4_device_tablet_engaged_sessions,8,28d,ga4_api
2026-06-09,glyc,ga4_total_users,8449,28d,ga4_api
2026-06-09,glyc,ga4_engaged_sessions,134,28d,ga4_api
2026-06-09,glyc,ga4_debotted_sessions,101,28d,ga4_api
2026-06-09,glyc,ga4_sign_ups,0,28d,ga4_api
2026-06-09,glyc,ga4_returning_users,108,28d,ga4_api
2026-06-09,glyc,utm_social_sessions,47,28d,ga4_api
2026-06-09,glyc,ga4_device_mobile_users,8390,28d,ga4_api
2026-06-09,glyc,ga4_device_mobile_engaged_sessions,54,28d,ga4_api
2026-06-09,glyc,ga4_device_desktop_users,52,28d,ga4_api
2026-06-09,glyc,ga4_device_desktop_engaged_sessions,64,28d,ga4_api
2026-06-09,glyc,ga4_device_tablet_users,3,28d,ga4_api
2026-06-09,glyc,ga4_device_tablet_engaged_sessions,18,28d,ga4_api
2026-06-09,ibd,ga4_total_users,452,28d,ga4_api
2026-06-09,ibd,ga4_engaged_sessions,45,28d,ga4_api
2026-06-09,ibd,ga4_debotted_sessions,61,28d,ga4_api
2026-06-09,ibd,ga4_sign_ups,0,28d,ga4_api
2026-06-09,ibd,ga4_returning_users,30,28d,ga4_api
2026-06-09,ibd,utm_social_sessions,53,28d,ga4_api
2026-06-09,ibd,ga4_device_desktop_users,435,28d,ga4_api
2026-06-09,ibd,ga4_device_desktop_engaged_sessions,35,28d,ga4_api
2026-06-09,ibd,ga4_device_mobile_users,15,28d,ga4_api
2026-06-09,ibd,ga4_device_mobile_engaged_sessions,3,28d,ga4_api
2026-06-09,ibd,ga4_device_tablet_users,2,28d,ga4_api
2026-06-09,ibd,ga4_device_tablet_engaged_sessions,7,28d,ga4_api
2026-06-09,glyc,gsc_clicks,0,7d,gsc_api
2026-06-09,glyc,gsc_impressions,22,7d,gsc_api
2026-06-09,glyc,gsc_avg_position,77.9,7d,gsc_api
2026-06-09,ibd,gsc_clicks,0,7d,gsc_api
2026-06-09,ibd,gsc_impressions,15,7d,gsc_api
2026-06-09,ibd,gsc_avg_position,85.6,7d,gsc_api
2026-06-09,glyc,social_bsky_followers,61,snapshot,bluesky_api
2026-06-09,glyc,social_bsky_likes_last10,16,last10,bluesky_api
2026-06-09,glyc,social_bsky_reposts_last10,2,last10,bluesky_api
2026-06-09,glyc,social_masto_followers,2,snapshot,mastodon_api
2026-06-09,glyc,social_masto_favs_last10,2,last10,mastodon_api
2026-06-09,glyc,social_masto_boosts_last10,0,last10,mastodon_api
2026-06-09,ibd,social_bsky_followers,56,snapshot,bluesky_api
2026-06-09,ibd,social_bsky_likes_last10,11,last10,bluesky_api
2026-06-09,ibd,social_bsky_reposts_last10,1,last10,bluesky_api
2026-06-09,ibd,social_masto_followers,5,snapshot,mastodon_api
2026-06-09,ibd,social_masto_favs_last10,0,last10,mastodon_api
2026-06-09,ibd,social_masto_boosts_last10,3,last10,mastodon_api
2026-06-09,glyc,social_ig_followers,46,snapshot,instagram_api
2026-06-09,glyc,social_ig_likes_last10,15,last10,instagram_api
2026-06-09,glyc,social_ig_comments_last10,1,last10,instagram_api
2026-06-09,glyc,social_ig_reach_last10,115,last10,instagram_api
2026-06-09,ibd,social_ig_followers,27,snapshot,instagram_api
2026-06-09,ibd,social_ig_likes_last10,15,last10,instagram_api
2026-06-09,ibd,social_ig_comments_last10,0,last10,instagram_api
2026-06-09,ibd,social_ig_reach_last10,51,last10,instagram_api
2026-05-03,glyc,cadence_recipes_actual,0,weekly,api+retro
2026-05-03,glyc,cadence_articles_actual,0,weekly,api+retro
2026-05-03,ibd,cadence_articles_actual,0,weekly,api+retro
2026-05-03,glyc,cadence_social_bsky_actual,0,weekly,api+retro
2026-05-03,glyc,cadence_social_masto_actual,0,weekly,api+retro
2026-05-03,glyc,cadence_social_ig_actual,0,weekly,api+retro
2026-05-03,ibd,cadence_social_bsky_actual,0,weekly,api+retro
2026-05-03,ibd,cadence_social_masto_actual,0,weekly,api+retro
2026-05-03,ibd,cadence_social_ig_actual,0,weekly,api+retro
2026-05-10,glyc,cadence_recipes_actual,1,weekly,api+retro
2026-05-10,glyc,cadence_articles_actual,0,weekly,api+retro
2026-05-10,ibd,cadence_articles_actual,3,weekly,api+retro
2026-05-10,glyc,cadence_social_bsky_actual,5,weekly,api+retro
2026-05-10,glyc,cadence_social_masto_actual,4,weekly,api+retro
2026-05-10,glyc,cadence_social_ig_actual,0,weekly,api+retro
2026-05-10,ibd,cadence_social_bsky_actual,0,weekly,api+retro
2026-05-10,ibd,cadence_social_masto_actual,3,weekly,api+retro
2026-05-10,ibd,cadence_social_ig_actual,0,weekly,api+retro
2026-05-17,glyc,cadence_recipes_actual,6,weekly,api+retro
2026-05-17,glyc,cadence_articles_actual,0,weekly,api+retro
2026-05-17,ibd,cadence_articles_actual,2,weekly,api+retro
2026-05-17,glyc,cadence_social_bsky_actual,1,weekly,api+retro
2026-05-17,glyc,cadence_social_masto_actual,3,weekly,api+retro
2026-05-17,glyc,cadence_social_ig_actual,0,weekly,api+retro
2026-05-17,ibd,cadence_social_bsky_actual,0,weekly,api+retro
2026-05-17,ibd,cadence_social_masto_actual,2,weekly,api+retro
2026-05-17,ibd,cadence_social_ig_actual,0,weekly,api+retro
2026-05-24,glyc,cadence_recipes_actual,5,weekly,api+retro
2026-05-24,glyc,cadence_articles_actual,3,weekly,api+retro
2026-05-24,ibd,cadence_articles_actual,1,weekly,api+retro
2026-05-24,glyc,cadence_social_bsky_actual,5,weekly,api+retro
2026-05-24,glyc,cadence_social_masto_actual,3,weekly,api+retro
2026-05-24,glyc,cadence_social_ig_actual,0,weekly,api+retro
2026-05-24,ibd,cadence_social_bsky_actual,3,weekly,api+retro
2026-05-24,ibd,cadence_social_masto_actual,3,weekly,api+retro
2026-05-24,ibd,cadence_social_ig_actual,0,weekly,api+retro
2026-05-31,glyc,cadence_recipes_actual,1,weekly,api+retro
2026-05-31,glyc,cadence_articles_actual,3,weekly,api+retro
2026-05-31,ibd,cadence_articles_actual,4,weekly,api+retro
2026-05-31,glyc,cadence_social_bsky_actual,4,weekly,api+retro
2026-05-31,glyc,cadence_social_masto_actual,4,weekly,api+retro
2026-05-31,glyc,cadence_social_ig_actual,0,weekly,api+retro
2026-05-31,ibd,cadence_social_bsky_actual,2,weekly,api+retro
2026-05-31,ibd,cadence_social_masto_actual,2,weekly,api+retro
2026-05-31,ibd,cadence_social_ig_actual,0,weekly,api+retro
2026-06-07,glyc,cadence_recipes_actual,11,weekly,api+retro
2026-06-07,glyc,cadence_articles_actual,3,weekly,api+retro
2026-06-07,ibd,cadence_articles_actual,3,weekly,api+retro
2026-06-07,glyc,cadence_social_bsky_actual,4,weekly,api+retro
2026-06-07,glyc,cadence_social_masto_actual,4,weekly,api+retro
2026-06-07,glyc,cadence_social_ig_actual,1,weekly,api+retro
2026-06-07,ibd,cadence_social_bsky_actual,3,weekly,api+retro
2026-06-07,ibd,cadence_social_masto_actual,3,weekly,api+retro
2026-06-07,ibd,cadence_social_ig_actual,1,weekly,api+retro
2026-06-07,glyc,gsc_targetset_avg_position,59.0,weekly,gsc_api
2026-06-07,glyc,gsc_targetset_ranking_count,1,weekly,gsc_api
2026-06-07,glyc,gsc_targetset_page1to3_count,0,weekly,gsc_api
2026-06-07,glyc,gsc_targetset_page1_count,0,weekly,gsc_api
2026-06-07,ibd,gsc_targetset_ranking_count,0,weekly,gsc_api
2026-06-07,ibd,gsc_targetset_page1to3_count,0,weekly,gsc_api
2026-06-07,ibd,gsc_targetset_page1_count,0,weekly,gsc_api
2026-06-10,glyc,ga4_total_users,9171,28d,ga4_api
2026-06-10,glyc,ga4_engaged_sessions,138,28d,ga4_api
2026-06-10,glyc,ga4_debotted_sessions,106,28d,ga4_api
2026-06-10,glyc,ga4_sign_ups,0,28d,ga4_api
2026-06-10,glyc,ga4_returning_users,109,28d,ga4_api
2026-06-10,glyc,utm_social_sessions,53,28d,ga4_api
2026-06-10,glyc,ga4_device_mobile_users,9112,28d,ga4_api
2026-06-10,glyc,ga4_device_mobile_engaged_sessions,58,28d,ga4_api
2026-06-10,glyc,ga4_device_desktop_users,54,28d,ga4_api
2026-06-10,glyc,ga4_device_desktop_engaged_sessions,65,28d,ga4_api
2026-06-10,glyc,ga4_device_tablet_users,3,28d,ga4_api
2026-06-10,glyc,ga4_device_tablet_engaged_sessions,18,28d,ga4_api
2026-06-10,ibd,ga4_total_users,467,28d,ga4_api
2026-06-10,ibd,ga4_engaged_sessions,48,28d,ga4_api
2026-06-10,ibd,ga4_debotted_sessions,62,28d,ga4_api
2026-06-10,ibd,ga4_sign_ups,0,28d,ga4_api
2026-06-10,ibd,ga4_returning_users,30,28d,ga4_api
2026-06-10,ibd,utm_social_sessions,54,28d,ga4_api
2026-06-10,ibd,ga4_device_desktop_users,448,28d,ga4_api
2026-06-10,ibd,ga4_device_desktop_engaged_sessions,37,28d,ga4_api
2026-06-10,ibd,ga4_device_mobile_users,17,28d,ga4_api
2026-06-10,ibd,ga4_device_mobile_engaged_sessions,4,28d,ga4_api
2026-06-10,ibd,ga4_device_tablet_users,2,28d,ga4_api
2026-06-10,ibd,ga4_device_tablet_engaged_sessions,7,28d,ga4_api
2026-06-10,glyc,gsc_clicks,0,7d,gsc_api
2026-06-10,glyc,gsc_impressions,23,7d,gsc_api
2026-06-10,glyc,gsc_avg_position,77.8,7d,gsc_api
2026-06-10,ibd,gsc_clicks,0,7d,gsc_api
2026-06-10,ibd,gsc_impressions,13,7d,gsc_api
2026-06-10,ibd,gsc_avg_position,78.2,7d,gsc_api
2026-06-10,glyc,social_bsky_followers,63,snapshot,bluesky_api
2026-06-10,glyc,social_bsky_likes_last10,26,last10,bluesky_api
2026-06-10,glyc,social_bsky_reposts_last10,2,last10,bluesky_api
2026-06-10,glyc,social_masto_followers,2,snapshot,mastodon_api
2026-06-10,glyc,social_masto_favs_last10,4,last10,mastodon_api
2026-06-10,glyc,social_masto_boosts_last10,0,last10,mastodon_api
2026-06-10,ibd,social_bsky_followers,57,snapshot,bluesky_api
2026-06-10,ibd,social_bsky_likes_last10,20,last10,bluesky_api
2026-06-10,ibd,social_bsky_reposts_last10,1,last10,bluesky_api
2026-06-10,ibd,social_masto_followers,5,snapshot,mastodon_api
2026-06-10,ibd,social_masto_favs_last10,1,last10,mastodon_api
2026-06-10,ibd,social_masto_boosts_last10,3,last10,mastodon_api
2026-06-10,glyc,social_ig_followers,55,snapshot,instagram_api
2026-06-10,glyc,social_ig_likes_last10,16,last10,instagram_api
2026-06-10,glyc,social_ig_comments_last10,1,last10,instagram_api
2026-06-10,glyc,social_ig_reach_last10,141,last10,instagram_api
2026-06-10,ibd,social_ig_followers,30,snapshot,instagram_api
2026-06-10,ibd,social_ig_likes_last10,33,last10,instagram_api
2026-06-10,ibd,social_ig_comments_last10,0,last10,instagram_api
2026-06-10,ibd,social_ig_reach_last10,77,last10,instagram_api
2026-06-11,glyc,ga4_total_users,78,28d,ga4_api
2026-06-11,glyc,ga4_engaged_sessions,97,28d,ga4_api
2026-06-11,glyc,ga4_debotted_sessions,111,28d,ga4_api
2026-06-11,glyc,ga4_sign_ups,0,28d,ga4_api
2026-06-11,glyc,ga4_returning_users,110,28d,ga4_api
2026-06-11,glyc,utm_social_sessions,56,28d,ga4_api
2026-06-11,glyc,ga4_device_desktop_users,46,28d,ga4_api
2026-06-11,glyc,ga4_device_desktop_engaged_sessions,60,28d,ga4_api
2026-06-11,glyc,ga4_device_mobile_users,30,28d,ga4_api
2026-06-11,glyc,ga4_device_mobile_engaged_sessions,23,28d,ga4_api
2026-06-11,glyc,ga4_device_tablet_users,3,28d,ga4_api
2026-06-11,glyc,ga4_device_tablet_engaged_sessions,16,28d,ga4_api
2026-06-11,glyc,sign_in_prompt_impression,0,28d,ga4_api
2026-06-11,glyc,sign_in_prompt_click,0,28d,ga4_api
2026-06-11,glyc,guest_limit_impression,0,28d,ga4_api
2026-06-11,glyc,guest_limit_click,0,28d,ga4_api
2026-06-11,glyc,post_result_cta_impression,0,28d,ga4_api
2026-06-11,glyc,post_result_cta_click,0,28d,ga4_api
2026-06-11,glyc,login_page_view,0,28d,ga4_api
2026-06-11,ibd,ga4_total_users,463,28d,ga4_api
2026-06-11,ibd,ga4_engaged_sessions,48,28d,ga4_api
2026-06-11,ibd,ga4_debotted_sessions,61,28d,ga4_api
2026-06-11,ibd,ga4_sign_ups,0,28d,ga4_api
2026-06-11,ibd,ga4_returning_users,30,28d,ga4_api
2026-06-11,ibd,utm_social_sessions,53,28d,ga4_api
2026-06-11,ibd,ga4_device_desktop_users,444,28d,ga4_api
2026-06-11,ibd,ga4_device_desktop_engaged_sessions,37,28d,ga4_api
2026-06-11,ibd,ga4_device_mobile_users,17,28d,ga4_api
2026-06-11,ibd,ga4_device_mobile_engaged_sessions,4,28d,ga4_api
2026-06-11,ibd,ga4_device_tablet_users,2,28d,ga4_api
2026-06-11,ibd,ga4_device_tablet_engaged_sessions,7,28d,ga4_api
2026-06-11,glyc,gsc_clicks,0,7d,gsc_api
2026-06-11,glyc,gsc_impressions,33,7d,gsc_api
2026-06-11,glyc,gsc_avg_position,73.8,7d,gsc_api
2026-06-11,ibd,gsc_clicks,0,7d,gsc_api
2026-06-11,ibd,gsc_impressions,11,7d,gsc_api
2026-06-11,ibd,gsc_avg_position,82.0,7d,gsc_api
2026-06-11,glyc,social_bsky_followers,64,snapshot,bluesky_api
2026-06-11,glyc,social_bsky_likes_last10,28,last10,bluesky_api
2026-06-11,glyc,social_bsky_reposts_last10,2,last10,bluesky_api
2026-06-11,glyc,social_masto_followers,2,snapshot,mastodon_api
2026-06-11,glyc,social_masto_favs_last10,4,last10,mastodon_api
2026-06-11,glyc,social_masto_boosts_last10,0,last10,mastodon_api
2026-06-11,ibd,social_bsky_followers,56,snapshot,bluesky_api
2026-06-11,ibd,social_bsky_likes_last10,20,last10,bluesky_api
2026-06-11,ibd,social_bsky_reposts_last10,1,last10,bluesky_api
2026-06-11,ibd,social_masto_followers,5,snapshot,mastodon_api
2026-06-11,ibd,social_masto_favs_last10,1,last10,mastodon_api
2026-06-11,ibd,social_masto_boosts_last10,3,last10,mastodon_api
2026-06-11,glyc,social_ig_followers,56,snapshot,instagram_api
2026-06-11,glyc,social_ig_likes_last10,17,last10,instagram_api
2026-06-11,glyc,social_ig_comments_last10,1,last10,instagram_api
2026-06-11,glyc,social_ig_reach_last10,158,last10,instagram_api
2026-06-11,ibd,social_ig_followers,30,snapshot,instagram_api
2026-06-11,ibd,social_ig_likes_last10,33,last10,instagram_api
2026-06-11,ibd,social_ig_comments_last10,0,last10,instagram_api
2026-06-11,ibd,social_ig_reach_last10,77,last10,instagram_api
2026-06-12,glyc,ga4_total_users,75,28d,ga4_api
2026-06-12,glyc,ga4_engaged_sessions,110,28d,ga4_api
2026-06-12,glyc,ga4_debotted_sessions,107,28d,ga4_api
2026-06-12,glyc,ga4_sign_ups,0,28d,ga4_api
2026-06-12,glyc,ga4_returning_users,117,28d,ga4_api
2026-06-12,glyc,utm_social_sessions,58,28d,ga4_api
2026-06-12,glyc,ga4_device_desktop_users,47,28d,ga4_api
2026-06-12,glyc,ga4_device_desktop_engaged_sessions,68,28d,ga4_api
2026-06-12,glyc,ga4_device_mobile_users,25,28d,ga4_api
2026-06-12,glyc,ga4_device_mobile_engaged_sessions,25,28d,ga4_api
2026-06-12,glyc,ga4_device_tablet_users,4,28d,ga4_api
2026-06-12,glyc,ga4_device_tablet_engaged_sessions,19,28d,ga4_api
2026-06-12,glyc,sign_in_prompt_impression,0,28d,ga4_api
2026-06-12,glyc,sign_in_prompt_click,0,28d,ga4_api
2026-06-12,glyc,guest_limit_impression,0,28d,ga4_api
2026-06-12,glyc,guest_limit_click,0,28d,ga4_api
2026-06-12,glyc,post_result_cta_impression,0,28d,ga4_api
2026-06-12,glyc,post_result_cta_click,0,28d,ga4_api
2026-06-12,glyc,login_page_view,0,28d,ga4_api
2026-06-12,ibd,ga4_total_users,475,28d,ga4_api
2026-06-12,ibd,ga4_engaged_sessions,44,28d,ga4_api
2026-06-12,ibd,ga4_debotted_sessions,58,28d,ga4_api
2026-06-12,ibd,ga4_sign_ups,0,28d,ga4_api
2026-06-12,ibd,ga4_returning_users,27,28d,ga4_api
2026-06-12,ibd,utm_social_sessions,50,28d,ga4_api
2026-06-12,ibd,ga4_device_desktop_users,456,28d,ga4_api
2026-06-12,ibd,ga4_device_desktop_engaged_sessions,35,28d,ga4_api
2026-06-12,ibd,ga4_device_mobile_users,17,28d,ga4_api
2026-06-12,ibd,ga4_device_mobile_engaged_sessions,4,28d,ga4_api
2026-06-12,ibd,ga4_device_tablet_users,2,28d,ga4_api
2026-06-12,ibd,ga4_device_tablet_engaged_sessions,5,28d,ga4_api
2026-06-12,glyc,gsc_clicks,0,7d,gsc_api
2026-06-12,glyc,gsc_impressions,32,7d,gsc_api
2026-06-12,glyc,gsc_avg_position,73.9,7d,gsc_api
2026-06-12,ibd,gsc_clicks,0,7d,gsc_api
2026-06-12,ibd,gsc_impressions,9,7d,gsc_api
2026-06-12,ibd,gsc_avg_position,84.0,7d,gsc_api
2026-06-12,glyc,social_bsky_followers,64,snapshot,bluesky_api
2026-06-12,glyc,social_bsky_likes_last10,29,last10,bluesky_api
2026-06-12,glyc,social_bsky_reposts_last10,2,last10,bluesky_api
2026-06-12,glyc,social_masto_followers,2,snapshot,mastodon_api
2026-06-12,glyc,social_masto_favs_last10,4,last10,mastodon_api
2026-06-12,glyc,social_masto_boosts_last10,0,last10,mastodon_api
2026-06-12,ibd,social_bsky_followers,56,snapshot,bluesky_api
2026-06-12,ibd,social_bsky_likes_last10,20,last10,bluesky_api
2026-06-12,ibd,social_bsky_reposts_last10,1,last10,bluesky_api
2026-06-12,ibd,social_masto_followers,5,snapshot,mastodon_api
2026-06-12,ibd,social_masto_favs_last10,1,last10,mastodon_api
2026-06-12,ibd,social_masto_boosts_last10,3,last10,mastodon_api
2026-06-12,glyc,social_ig_followers,60,snapshot,instagram_api
2026-06-12,glyc,social_ig_likes_last10,18,last10,instagram_api
2026-06-12,glyc,social_ig_comments_last10,1,last10,instagram_api
2026-06-12,glyc,social_ig_reach_last10,165,last10,instagram_api
2026-06-12,ibd,social_ig_followers,30,snapshot,instagram_api
2026-06-12,ibd,social_ig_likes_last10,33,last10,instagram_api
2026-06-12,ibd,social_ig_comments_last10,0,last10,instagram_api
2026-06-12,ibd,social_ig_reach_last10,85,last10,instagram_api
2026-06-13,glyc,ga4_total_users,74,28d,ga4_api
2026-06-13,glyc,ga4_engaged_sessions,108,28d,ga4_api
2026-06-13,glyc,ga4_debotted_sessions,119,28d,ga4_api
2026-06-13,glyc,ga4_sign_ups,0,28d,ga4_api
2026-06-13,glyc,ga4_returning_users,122,28d,ga4_api
2026-06-13,glyc,utm_social_sessions,62,28d,ga4_api
2026-06-13,glyc,ga4_device_desktop_users,48,28d,ga4_api
2026-06-13,glyc,ga4_device_desktop_engaged_sessions,69,28d,ga4_api
2026-06-13,glyc,ga4_device_mobile_users,23,28d,ga4_api
2026-06-13,glyc,ga4_device_mobile_engaged_sessions,23,28d,ga4_api
2026-06-13,glyc,ga4_device_tablet_users,4,28d,ga4_api
2026-06-13,glyc,ga4_device_tablet_engaged_sessions,18,28d,ga4_api
2026-06-13,glyc,sign_in_prompt_impression,0,28d,ga4_api
2026-06-13,glyc,sign_in_prompt_click,0,28d,ga4_api
2026-06-13,glyc,guest_limit_impression,0,28d,ga4_api
2026-06-13,glyc,guest_limit_click,0,28d,ga4_api
2026-06-13,glyc,post_result_cta_impression,0,28d,ga4_api
2026-06-13,glyc,post_result_cta_click,0,28d,ga4_api
2026-06-13,glyc,login_page_view,0,28d,ga4_api
2026-06-13,ibd,ga4_total_users,477,28d,ga4_api
2026-06-13,ibd,ga4_engaged_sessions,46,28d,ga4_api
2026-06-13,ibd,ga4_debotted_sessions,57,28d,ga4_api
2026-06-13,ibd,ga4_sign_ups,0,28d,ga4_api
2026-06-13,ibd,ga4_returning_users,26,28d,ga4_api
2026-06-13,ibd,utm_social_sessions,49,28d,ga4_api
2026-06-13,ibd,ga4_device_desktop_users,453,28d,ga4_api
2026-06-13,ibd,ga4_device_desktop_engaged_sessions,35,28d,ga4_api
2026-06-13,ibd,ga4_device_mobile_users,21,28d,ga4_api
2026-06-13,ibd,ga4_device_mobile_engaged_sessions,5,28d,ga4_api
2026-06-13,ibd,ga4_device_tablet_users,3,28d,ga4_api
2026-06-13,ibd,ga4_device_tablet_engaged_sessions,6,28d,ga4_api
2026-06-13,glyc,gsc_clicks,0,7d,gsc_api
2026-06-13,glyc,gsc_impressions,33,7d,gsc_api
2026-06-13,glyc,gsc_avg_position,64.4,7d,gsc_api
2026-06-13,ibd,gsc_clicks,0,7d,gsc_api
2026-06-13,ibd,gsc_impressions,8,7d,gsc_api
2026-06-13,ibd,gsc_avg_position,85.2,7d,gsc_api
2026-06-13,glyc,social_bsky_followers,65,snapshot,bluesky_api
2026-06-13,glyc,social_bsky_likes_last10,25,last10,bluesky_api
2026-06-13,glyc,social_bsky_reposts_last10,2,last10,bluesky_api
2026-06-13,glyc,social_masto_followers,2,snapshot,mastodon_api
2026-06-13,glyc,social_masto_favs_last10,4,last10,mastodon_api
2026-06-13,glyc,social_masto_boosts_last10,0,last10,mastodon_api
2026-06-13,ibd,social_bsky_followers,59,snapshot,bluesky_api
2026-06-13,ibd,social_bsky_likes_last10,14,last10,bluesky_api
2026-06-13,ibd,social_bsky_reposts_last10,0,last10,bluesky_api
2026-06-13,ibd,social_masto_followers,5,snapshot,mastodon_api
2026-06-13,ibd,social_masto_favs_last10,2,last10,mastodon_api
2026-06-13,ibd,social_masto_boosts_last10,2,last10,mastodon_api
2026-06-13,glyc,social_ig_followers,62,snapshot,instagram_api
2026-06-13,glyc,social_ig_likes_last10,19,last10,instagram_api
2026-06-13,glyc,social_ig_comments_last10,1,last10,instagram_api
2026-06-13,glyc,social_ig_reach_last10,180,last10,instagram_api
2026-06-13,ibd,social_ig_followers,34,snapshot,instagram_api
2026-06-13,ibd,social_ig_likes_last10,33,last10,instagram_api
2026-06-13,ibd,social_ig_comments_last10,0,last10,instagram_api
2026-06-13,ibd,social_ig_reach_last10,115,last10,instagram_api
2026-06-14,glyc,ga4_total_users,74,28d,ga4_api
2026-06-14,glyc,ga4_engaged_sessions,115,28d,ga4_api
2026-06-14,glyc,ga4_debotted_sessions,114,28d,ga4_api
2026-06-14,glyc,ga4_sign_ups,0,28d,ga4_api
2026-06-14,glyc,ga4_returning_users,124,28d,ga4_api
2026-06-14,glyc,utm_social_sessions,64,28d,ga4_api
2026-06-14,glyc,ga4_device_desktop_users,48,28d,ga4_api
2026-06-14,glyc,ga4_device_desktop_engaged_sessions,75,28d,ga4_api
2026-06-14,glyc,ga4_device_mobile_users,23,28d,ga4_api
2026-06-14,glyc,ga4_device_mobile_engaged_sessions,23,28d,ga4_api
2026-06-14,glyc,ga4_device_tablet_users,4,28d,ga4_api
2026-06-14,glyc,ga4_device_tablet_engaged_sessions,19,28d,ga4_api
2026-06-14,glyc,sign_in_prompt_impression,0,28d,ga4_api
2026-06-14,glyc,sign_in_prompt_click,0,28d,ga4_api
2026-06-14,glyc,guest_limit_impression,0,28d,ga4_api
2026-06-14,glyc,guest_limit_click,0,28d,ga4_api
2026-06-14,glyc,post_result_cta_impression,0,28d,ga4_api
2026-06-14,glyc,post_result_cta_click,0,28d,ga4_api
2026-06-14,glyc,login_page_view,6,28d,ga4_api
2026-06-14,ibd,ga4_total_users,485,28d,ga4_api
2026-06-14,ibd,ga4_engaged_sessions,45,28d,ga4_api
2026-06-14,ibd,ga4_debotted_sessions,54,28d,ga4_api
2026-06-14,ibd,ga4_sign_ups,0,28d,ga4_api
2026-06-14,ibd,ga4_returning_users,26,28d,ga4_api
2026-06-14,ibd,utm_social_sessions,46,28d,ga4_api
2026-06-14,ibd,ga4_device_desktop_users,464,28d,ga4_api
2026-06-14,ibd,ga4_device_desktop_engaged_sessions,35,28d,ga4_api
2026-06-14,ibd,ga4_device_mobile_users,18,28d,ga4_api
2026-06-14,ibd,ga4_device_mobile_engaged_sessions,4,28d,ga4_api
2026-06-14,ibd,ga4_device_tablet_users,3,28d,ga4_api
2026-06-14,ibd,ga4_device_tablet_engaged_sessions,6,28d,ga4_api
2026-06-14,glyc,gsc_clicks,0,7d,gsc_api
2026-06-14,glyc,gsc_impressions,32,7d,gsc_api
2026-06-14,glyc,gsc_avg_position,65.0,7d,gsc_api
2026-06-14,ibd,gsc_clicks,0,7d,gsc_api
2026-06-14,ibd,gsc_impressions,5,7d,gsc_api
2026-06-14,ibd,gsc_avg_position,81.0,7d,gsc_api
2026-06-14,glyc,social_bsky_followers,65,snapshot,bluesky_api
2026-06-14,glyc,social_bsky_likes_last10,25,last10,bluesky_api
2026-06-14,glyc,social_bsky_reposts_last10,2,last10,bluesky_api
2026-06-14,glyc,social_masto_followers,2,snapshot,mastodon_api
2026-06-14,glyc,social_masto_favs_last10,4,last10,mastodon_api
2026-06-14,glyc,social_masto_boosts_last10,0,last10,mastodon_api
2026-06-14,ibd,social_bsky_followers,59,snapshot,bluesky_api
2026-06-14,ibd,social_bsky_likes_last10,14,last10,bluesky_api
2026-06-14,ibd,social_bsky_reposts_last10,0,last10,bluesky_api
2026-06-14,ibd,social_masto_followers,5,snapshot,mastodon_api
2026-06-14,ibd,social_masto_favs_last10,2,last10,mastodon_api
2026-06-14,ibd,social_masto_boosts_last10,2,last10,mastodon_api
2026-06-14,glyc,social_ig_followers,64,snapshot,instagram_api
2026-06-14,glyc,social_ig_likes_last10,19,last10,instagram_api
2026-06-14,glyc,social_ig_comments_last10,1,last10,instagram_api
2026-06-14,glyc,social_ig_reach_last10,196,last10,instagram_api
2026-06-14,ibd,social_ig_followers,35,snapshot,instagram_api
2026-06-14,ibd,social_ig_likes_last10,33,last10,instagram_api
2026-06-14,ibd,social_ig_comments_last10,0,last10,instagram_api
2026-06-14,ibd,social_ig_reach_last10,125,last10,instagram_api
2026-06-15,glyc,ga4_total_users,74,28d,ga4_api
2026-06-15,glyc,ga4_engaged_sessions,116,28d,ga4_api
2026-06-15,glyc,ga4_debotted_sessions,115,28d,ga4_api
2026-06-15,glyc,ga4_sign_ups,0,28d,ga4_api
2026-06-15,glyc,ga4_returning_users,126,28d,ga4_api
2026-06-15,glyc,utm_social_sessions,65,28d,ga4_api
2026-06-15,glyc,ga4_device_desktop_users,48,28d,ga4_api
2026-06-15,glyc,ga4_device_desktop_engaged_sessions,75,28d,ga4_api
2026-06-15,glyc,ga4_device_mobile_users,23,28d,ga4_api
2026-06-15,glyc,ga4_device_mobile_engaged_sessions,25,28d,ga4_api
2026-06-15,glyc,ga4_device_tablet_users,4,28d,ga4_api
2026-06-15,glyc,ga4_device_tablet_engaged_sessions,18,28d,ga4_api
2026-06-15,glyc,sign_in_prompt_impression,0,28d,ga4_api
2026-06-15,glyc,sign_in_prompt_click,0,28d,ga4_api
2026-06-15,glyc,guest_limit_impression,0,28d,ga4_api
2026-06-15,glyc,guest_limit_click,0,28d,ga4_api
2026-06-15,glyc,post_result_cta_impression,0,28d,ga4_api
2026-06-15,glyc,post_result_cta_click,0,28d,ga4_api
2026-06-15,glyc,login_page_view,6,28d,ga4_api
2026-06-15,ibd,ga4_total_users,491,28d,ga4_api
2026-06-15,ibd,ga4_engaged_sessions,42,28d,ga4_api
2026-06-15,ibd,ga4_debotted_sessions,56,28d,ga4_api
2026-06-15,ibd,ga4_sign_ups,0,28d,ga4_api
2026-06-15,ibd,ga4_returning_users,25,28d,ga4_api
2026-06-15,ibd,utm_social_sessions,47,28d,ga4_api
2026-06-15,ibd,ga4_device_desktop_users,470,28d,ga4_api
2026-06-15,ibd,ga4_device_desktop_engaged_sessions,32,28d,ga4_api
2026-06-15,ibd,ga4_device_mobile_users,18,28d,ga4_api
2026-06-15,ibd,ga4_device_mobile_engaged_sessions,4,28d,ga4_api
2026-06-15,ibd,ga4_device_tablet_users,3,28d,ga4_api
2026-06-15,ibd,ga4_device_tablet_engaged_sessions,6,28d,ga4_api
2026-06-15,glyc,gsc_clicks,0,7d,gsc_api
2026-06-15,glyc,gsc_impressions,35,7d,gsc_api
2026-06-15,glyc,gsc_avg_position,59.6,7d,gsc_api
2026-06-15,ibd,gsc_clicks,0,7d,gsc_api
2026-06-15,ibd,gsc_impressions,4,7d,gsc_api
2026-06-15,ibd,gsc_avg_position,82.8,7d,gsc_api
2026-06-15,glyc,social_bsky_followers,67,snapshot,bluesky_api
2026-06-15,glyc,social_bsky_likes_last10,25,last10,bluesky_api
2026-06-15,glyc,social_bsky_reposts_last10,2,last10,bluesky_api
2026-06-15,glyc,social_masto_followers,2,snapshot,mastodon_api
2026-06-15,glyc,social_masto_favs_last10,6,last10,mastodon_api
2026-06-15,glyc,social_masto_boosts_last10,0,last10,mastodon_api
2026-06-15,ibd,social_bsky_followers,62,snapshot,bluesky_api
2026-06-15,ibd,social_bsky_likes_last10,14,last10,bluesky_api
2026-06-15,ibd,social_bsky_reposts_last10,0,last10,bluesky_api
2026-06-15,ibd,social_masto_followers,5,snapshot,mastodon_api
2026-06-15,ibd,social_masto_favs_last10,11,last10,mastodon_api
2026-06-15,ibd,social_masto_boosts_last10,1,last10,mastodon_api
2026-06-15,glyc,social_ig_followers,72,snapshot,instagram_api
2026-06-15,glyc,social_ig_likes_last10,26,last10,instagram_api
2026-06-15,glyc,social_ig_comments_last10,1,last10,instagram_api
2026-06-15,glyc,social_ig_reach_last10,222,last10,instagram_api
2026-06-15,ibd,social_ig_followers,36,snapshot,instagram_api
2026-06-15,ibd,social_ig_likes_last10,36,last10,instagram_api
2026-06-15,ibd,social_ig_comments_last10,0,last10,instagram_api
2026-06-15,ibd,social_ig_reach_last10,140,last10,instagram_api
2026-06-15,glyc,indexed_pages,209,snapshot,browser-automation (gsc-ui)
2026-06-15,ibd,indexed_pages,91,snapshot,browser-automation (gsc-ui)
2026-06-14,glyc,gsc_targetset_ranking_count,0,weekly,gsc_api
2026-06-14,glyc,gsc_targetset_page1to3_count,0,weekly,gsc_api
2026-06-14,glyc,gsc_targetset_page1_count,0,weekly,gsc_api
2026-06-14,ibd,gsc_targetset_ranking_count,0,weekly,gsc_api
2026-06-14,ibd,gsc_targetset_page1to3_count,0,weekly,gsc_api
2026-06-14,ibd,gsc_targetset_page1_count,0,weekly,gsc_api
2026-06-14,glyc,cadence_recipes_actual,11,weekly,api
2026-06-14,glyc,cadence_articles_actual,3,weekly,api
2026-06-14,ibd,cadence_articles_actual,3,weekly,api
2026-06-14,glyc,cadence_social_bsky_actual,3,weekly,api
2026-06-14,glyc,cadence_social_masto_actual,3,weekly,api
2026-06-14,glyc,cadence_social_ig_actual,3,weekly,api
2026-06-14,ibd,cadence_social_bsky_actual,4,weekly,api
2026-06-14,ibd,cadence_social_masto_actual,4,weekly,api
2026-06-14,ibd,cadence_social_ig_actual,4,weekly,api
2026-06-14,glyc,cadence_social_x_actual,3,weekly,api
2026-06-14,ibd,cadence_social_x_actual,4,weekly,api
2026-06-17,glyc,ga4_total_users,75,28d,ga4_api
2026-06-17,glyc,ga4_engaged_sessions,115,28d,ga4_api
2026-06-17,glyc,ga4_debotted_sessions,113,28d,ga4_api
2026-06-17,glyc,ga4_sign_ups,0,28d,ga4_api
2026-06-17,glyc,ga4_returning_users,123,28d,ga4_api
2026-06-17,glyc,utm_social_sessions,67,28d,ga4_api
2026-06-17,glyc,ga4_device_desktop_users,49,28d,ga4_api
2026-06-17,glyc,ga4_device_desktop_engaged_sessions,73,28d,ga4_api
2026-06-17,glyc,ga4_device_mobile_users,23,28d,ga4_api
2026-06-17,glyc,ga4_device_mobile_engaged_sessions,24,28d,ga4_api
2026-06-17,glyc,ga4_device_tablet_users,4,28d,ga4_api
2026-06-17,glyc,ga4_device_tablet_engaged_sessions,20,28d,ga4_api
2026-06-17,glyc,sign_in_prompt_impression,0,28d,ga4_api
2026-06-17,glyc,sign_in_prompt_click,0,28d,ga4_api
2026-06-17,glyc,guest_limit_impression,0,28d,ga4_api
2026-06-17,glyc,guest_limit_click,0,28d,ga4_api
2026-06-17,glyc,post_result_cta_impression,0,28d,ga4_api
2026-06-17,glyc,post_result_cta_click,0,28d,ga4_api
2026-06-17,glyc,login_page_view,6,28d,ga4_api
2026-06-17,ibd,ga4_total_users,507,28d,ga4_api
2026-06-17,ibd,ga4_engaged_sessions,36,28d,ga4_api
2026-06-17,ibd,ga4_debotted_sessions,45,28d,ga4_api
2026-06-17,ibd,ga4_sign_ups,0,28d,ga4_api
2026-06-17,ibd,ga4_returning_users,16,28d,ga4_api
2026-06-17,ibd,utm_social_sessions,36,28d,ga4_api
2026-06-17,ibd,ga4_device_desktop_users,487,28d,ga4_api
2026-06-17,ibd,ga4_device_desktop_engaged_sessions,27,28d,ga4_api
2026-06-17,ibd,ga4_device_mobile_users,18,28d,ga4_api
2026-06-17,ibd,ga4_device_mobile_engaged_sessions,5,28d,ga4_api
2026-06-17,ibd,ga4_device_tablet_users,2,28d,ga4_api
2026-06-17,ibd,ga4_device_tablet_engaged_sessions,4,28d,ga4_api
2026-06-17,glyc,gsc_clicks,0,7d,gsc_api
2026-06-17,glyc,gsc_impressions,36,7d,gsc_api
2026-06-17,glyc,gsc_avg_position,55.2,7d,gsc_api
2026-06-17,ibd,gsc_clicks,0,7d,gsc_api
2026-06-17,ibd,gsc_impressions,6,7d,gsc_api
2026-06-17,ibd,gsc_avg_position,72.8,7d,gsc_api
2026-06-17,glyc,social_bsky_followers,72,snapshot,bluesky_api
2026-06-17,glyc,social_bsky_likes_last10,21,last10,bluesky_api
2026-06-17,glyc,social_bsky_reposts_last10,2,last10,bluesky_api
2026-06-17,glyc,social_masto_followers,2,snapshot,mastodon_api
2026-06-17,glyc,social_masto_favs_last10,6,last10,mastodon_api
2026-06-17,glyc,social_masto_boosts_last10,0,last10,mastodon_api
2026-06-17,ibd,social_bsky_followers,64,snapshot,bluesky_api
2026-06-17,ibd,social_bsky_likes_last10,14,last10,bluesky_api
2026-06-17,ibd,social_bsky_reposts_last10,0,last10,bluesky_api
2026-06-17,ibd,social_masto_followers,5,snapshot,mastodon_api
2026-06-17,ibd,social_masto_favs_last10,11,last10,mastodon_api
2026-06-17,ibd,social_masto_boosts_last10,0,last10,mastodon_api
2026-06-17,glyc,social_ig_followers,76,snapshot,instagram_api
2026-06-17,glyc,social_ig_likes_last10,28,last10,instagram_api
2026-06-17,glyc,social_ig_comments_last10,2,last10,instagram_api
2026-06-17,glyc,social_ig_reach_last10,251,last10,instagram_api
2026-06-17,ibd,social_ig_followers,38,snapshot,instagram_api
2026-06-17,ibd,social_ig_likes_last10,36,last10,instagram_api
2026-06-17,ibd,social_ig_comments_last10,0,last10,instagram_api
2026-06-17,ibd,social_ig_reach_last10,149,last10,instagram_api
2026-06-18,glyc,ga4_total_users,76,28d,ga4_api
2026-06-18,glyc,ga4_engaged_sessions,110,28d,ga4_api
2026-06-18,glyc,ga4_debotted_sessions,121,28d,ga4_api
2026-06-18,glyc,ga4_sign_ups,0,28d,ga4_api
2026-06-18,glyc,ga4_returning_users,124,28d,ga4_api
2026-06-18,glyc,utm_social_sessions,66,28d,ga4_api
2026-06-18,glyc,ga4_device_desktop_users,49,28d,ga4_api
2026-06-18,glyc,ga4_device_desktop_engaged_sessions,69,28d,ga4_api
2026-06-18,glyc,ga4_device_mobile_users,24,28d,ga4_api
2026-06-18,glyc,ga4_device_mobile_engaged_sessions,24,28d,ga4_api
2026-06-18,glyc,ga4_device_tablet_users,4,28d,ga4_api
2026-06-18,glyc,ga4_device_tablet_engaged_sessions,19,28d,ga4_api
2026-06-18,glyc,sign_in_prompt_impression,0,28d,ga4_api
2026-06-18,glyc,sign_in_prompt_click,0,28d,ga4_api
2026-06-18,glyc,guest_limit_impression,0,28d,ga4_api
2026-06-18,glyc,guest_limit_click,0,28d,ga4_api
2026-06-18,glyc,post_result_cta_impression,0,28d,ga4_api
2026-06-18,glyc,post_result_cta_click,0,28d,ga4_api
2026-06-18,glyc,login_page_view,6,28d,ga4_api
2026-06-18,ibd,ga4_total_users,508,28d,ga4_api
2026-06-18,ibd,ga4_engaged_sessions,35,28d,ga4_api
2026-06-18,ibd,ga4_debotted_sessions,43,28d,ga4_api
2026-06-18,ibd,ga4_sign_ups,0,28d,ga4_api
2026-06-18,ibd,ga4_returning_users,16,28d,ga4_api
2026-06-18,ibd,utm_social_sessions,34,28d,ga4_api
2026-06-18,ibd,ga4_device_desktop_users,489,28d,ga4_api
2026-06-18,ibd,ga4_device_desktop_engaged_sessions,27,28d,ga4_api
2026-06-18,ibd,ga4_device_mobile_users,17,28d,ga4_api
2026-06-18,ibd,ga4_device_mobile_engaged_sessions,4,28d,ga4_api
2026-06-18,ibd,ga4_device_tablet_users,2,28d,ga4_api
2026-06-18,ibd,ga4_device_tablet_engaged_sessions,4,28d,ga4_api
2026-06-18,glyc,gsc_clicks,0,7d,gsc_api
2026-06-18,glyc,gsc_impressions,35,7d,gsc_api
2026-06-18,glyc,gsc_avg_position,55.0,7d,gsc_api
2026-06-18,ibd,gsc_clicks,0,7d,gsc_api
2026-06-18,ibd,gsc_impressions,5,7d,gsc_api
2026-06-18,ibd,gsc_avg_position,68.8,7d,gsc_api
2026-06-18,glyc,social_bsky_followers,72,snapshot,bluesky_api
2026-06-18,glyc,social_bsky_likes_last10,21,last10,bluesky_api
2026-06-18,glyc,social_bsky_reposts_last10,2,last10,bluesky_api
2026-06-18,glyc,social_masto_followers,2,snapshot,mastodon_api
2026-06-18,glyc,social_masto_favs_last10,6,last10,mastodon_api
2026-06-18,glyc,social_masto_boosts_last10,0,last10,mastodon_api
2026-06-18,ibd,social_bsky_followers,65,snapshot,bluesky_api
2026-06-18,ibd,social_bsky_likes_last10,14,last10,bluesky_api
2026-06-18,ibd,social_bsky_reposts_last10,0,last10,bluesky_api
2026-06-18,ibd,social_masto_followers,5,snapshot,mastodon_api
2026-06-18,ibd,social_masto_favs_last10,11,last10,mastodon_api
2026-06-18,ibd,social_masto_boosts_last10,0,last10,mastodon_api
2026-06-18,glyc,social_ig_followers,75,snapshot,instagram_api
2026-06-18,glyc,social_ig_likes_last10,28,last10,instagram_api
2026-06-18,glyc,social_ig_comments_last10,2,last10,instagram_api
2026-06-18,glyc,social_ig_reach_last10,256,last10,instagram_api
2026-06-18,ibd,social_ig_followers,38,snapshot,instagram_api
2026-06-18,ibd,social_ig_likes_last10,36,last10,instagram_api
2026-06-18,ibd,social_ig_comments_last10,0,last10,instagram_api
2026-06-18,ibd,social_ig_reach_last10,151,last10,instagram_api
2026-06-19,glyc,ga4_total_users,76,28d,ga4_api
2026-06-19,glyc,ga4_engaged_sessions,114,28d,ga4_api
2026-06-19,glyc,ga4_debotted_sessions,124,28d,ga4_api
2026-06-19,glyc,ga4_sign_ups,0,28d,ga4_api
2026-06-19,glyc,ga4_returning_users,129,28d,ga4_api
2026-06-19,glyc,utm_social_sessions,71,28d,ga4_api
2026-06-19,glyc,ga4_device_desktop_users,49,28d,ga4_api
2026-06-19,glyc,ga4_device_desktop_engaged_sessions,74,28d,ga4_api
2026-06-19,glyc,ga4_device_mobile_users,24,28d,ga4_api
2026-06-19,glyc,ga4_device_mobile_engaged_sessions,24,28d,ga4_api
2026-06-19,glyc,ga4_device_tablet_users,4,28d,ga4_api
2026-06-19,glyc,ga4_device_tablet_engaged_sessions,18,28d,ga4_api
2026-06-19,glyc,sign_in_prompt_impression,0,28d,ga4_api
2026-06-19,glyc,sign_in_prompt_click,0,28d,ga4_api
2026-06-19,glyc,guest_limit_impression,0,28d,ga4_api
2026-06-19,glyc,guest_limit_click,0,28d,ga4_api
2026-06-19,glyc,post_result_cta_impression,0,28d,ga4_api
2026-06-19,glyc,post_result_cta_click,0,28d,ga4_api
2026-06-19,glyc,login_page_view,6,28d,ga4_api
2026-06-19,ibd,ga4_total_users,516,28d,ga4_api
2026-06-19,ibd,ga4_engaged_sessions,36,28d,ga4_api
2026-06-19,ibd,ga4_debotted_sessions,41,28d,ga4_api
2026-06-19,ibd,ga4_sign_ups,0,28d,ga4_api
2026-06-19,ibd,ga4_returning_users,16,28d,ga4_api
2026-06-19,ibd,utm_social_sessions,32,28d,ga4_api
2026-06-19,ibd,ga4_device_desktop_users,497,28d,ga4_api
2026-06-19,ibd,ga4_device_desktop_engaged_sessions,28,28d,ga4_api
2026-06-19,ibd,ga4_device_mobile_users,17,28d,ga4_api
2026-06-19,ibd,ga4_device_mobile_engaged_sessions,4,28d,ga4_api
2026-06-19,ibd,ga4_device_tablet_users,2,28d,ga4_api
2026-06-19,ibd,ga4_device_tablet_engaged_sessions,4,28d,ga4_api
2026-06-19,glyc,gsc_clicks,0,7d,gsc_api
2026-06-19,glyc,gsc_impressions,38,7d,gsc_api
2026-06-19,glyc,gsc_avg_position,53.9,7d,gsc_api
2026-06-19,ibd,gsc_clicks,0,7d,gsc_api
2026-06-19,ibd,gsc_impressions,8,7d,gsc_api
2026-06-19,ibd,gsc_avg_position,67.8,7d,gsc_api
2026-06-19,glyc,social_masto_followers,2,snapshot,mastodon_api
2026-06-19,glyc,social_masto_favs_last10,6,last10,mastodon_api
2026-06-19,glyc,social_masto_boosts_last10,1,last10,mastodon_api
2026-06-19,ibd,social_bsky_followers,67,snapshot,bluesky_api
2026-06-19,ibd,social_bsky_likes_last10,12,last10,bluesky_api
2026-06-19,ibd,social_bsky_reposts_last10,0,last10,bluesky_api
2026-06-19,ibd,social_masto_followers,5,snapshot,mastodon_api
2026-06-19,ibd,social_masto_favs_last10,10,last10,mastodon_api
2026-06-19,ibd,social_masto_boosts_last10,1,last10,mastodon_api
2026-06-19,glyc,social_ig_followers,77,snapshot,instagram_api
2026-06-19,glyc,social_ig_likes_last10,31,last10,instagram_api
2026-06-19,glyc,social_ig_comments_last10,2,last10,instagram_api
2026-06-19,glyc,social_ig_reach_last10,268,last10,instagram_api
2026-06-19,ibd,social_ig_followers,40,snapshot,instagram_api
2026-06-19,ibd,social_ig_likes_last10,32,last10,instagram_api
2026-06-19,ibd,social_ig_comments_last10,0,last10,instagram_api
2026-06-19,ibd,social_ig_reach_last10,159,last10,instagram_api
2026-06-19,glyc,social_bsky_followers,72,snapshot,bluesky_api
2026-06-19,glyc,social_bsky_likes_last10,20,last10,bluesky_api
2026-06-19,glyc,social_bsky_reposts_last10,2,last10,bluesky_api
2026-06-20,glyc,ga4_total_users,77,28d,ga4_api
2026-06-20,glyc,ga4_engaged_sessions,114,28d,ga4_api
2026-06-20,glyc,ga4_debotted_sessions,133,28d,ga4_api
2026-06-20,glyc,ga4_sign_ups,0,28d,ga4_api
2026-06-20,glyc,ga4_returning_users,134,28d,ga4_api
2026-06-20,glyc,utm_social_sessions,79,28d,ga4_api
2026-06-20,glyc,ga4_device_desktop_users,50,28d,ga4_api
2026-06-20,glyc,ga4_device_desktop_engaged_sessions,74,28d,ga4_api
2026-06-20,glyc,ga4_device_mobile_users,24,28d,ga4_api
2026-06-20,glyc,ga4_device_mobile_engaged_sessions,23,28d,ga4_api
2026-06-20,glyc,ga4_device_tablet_users,4,28d,ga4_api
2026-06-20,glyc,ga4_device_tablet_engaged_sessions,19,28d,ga4_api
2026-06-20,glyc,sign_in_prompt_impression,0,28d,ga4_api
2026-06-20,glyc,sign_in_prompt_click,0,28d,ga4_api
2026-06-20,glyc,guest_limit_impression,0,28d,ga4_api
2026-06-20,glyc,guest_limit_click,0,28d,ga4_api
2026-06-20,glyc,post_result_cta_impression,0,28d,ga4_api
2026-06-20,glyc,post_result_cta_click,0,28d,ga4_api
2026-06-20,glyc,login_page_view,6,28d,ga4_api
2026-06-20,ibd,ga4_total_users,517,28d,ga4_api
2026-06-20,ibd,ga4_engaged_sessions,36,28d,ga4_api
2026-06-20,ibd,ga4_debotted_sessions,42,28d,ga4_api
2026-06-20,ibd,ga4_sign_ups,0,28d,ga4_api
2026-06-20,ibd,ga4_returning_users,16,28d,ga4_api
2026-06-20,ibd,utm_social_sessions,32,28d,ga4_api
2026-06-20,ibd,ga4_device_desktop_users,499,28d,ga4_api
2026-06-20,ibd,ga4_device_desktop_engaged_sessions,28,28d,ga4_api
2026-06-20,ibd,ga4_device_mobile_users,16,28d,ga4_api
2026-06-20,ibd,ga4_device_mobile_engaged_sessions,4,28d,ga4_api
2026-06-20,ibd,ga4_device_tablet_users,2,28d,ga4_api
2026-06-20,ibd,ga4_device_tablet_engaged_sessions,4,28d,ga4_api
2026-06-20,glyc,gsc_clicks,0,7d,gsc_api
2026-06-20,glyc,gsc_impressions,35,7d,gsc_api
2026-06-20,glyc,gsc_avg_position,59.4,7d,gsc_api
2026-06-20,ibd,gsc_clicks,0,7d,gsc_api
2026-06-20,ibd,gsc_impressions,9,7d,gsc_api
2026-06-20,ibd,gsc_avg_position,67.8,7d,gsc_api
2026-06-20,glyc,social_bsky_followers,74,snapshot,bluesky_api
2026-06-20,glyc,social_bsky_likes_last10,15,last10,bluesky_api
2026-06-20,glyc,social_bsky_reposts_last10,1,last10,bluesky_api
2026-06-20,glyc,social_masto_followers,2,snapshot,mastodon_api
2026-06-20,glyc,social_masto_favs_last10,6,last10,mastodon_api
2026-06-20,glyc,social_masto_boosts_last10,1,last10,mastodon_api
2026-06-20,ibd,social_bsky_followers,67,snapshot,bluesky_api
2026-06-20,ibd,social_bsky_likes_last10,12,last10,bluesky_api
2026-06-20,ibd,social_bsky_reposts_last10,0,last10,bluesky_api
2026-06-20,ibd,social_masto_followers,5,snapshot,mastodon_api
2026-06-20,ibd,social_masto_favs_last10,10,last10,mastodon_api
2026-06-20,ibd,social_masto_boosts_last10,1,last10,mastodon_api
2026-06-20,glyc,social_ig_followers,78,snapshot,instagram_api
2026-06-20,glyc,social_ig_likes_last10,30,last10,instagram_api
2026-06-20,glyc,social_ig_comments_last10,3,last10,instagram_api
2026-06-20,glyc,social_ig_reach_last10,246,last10,instagram_api
2026-06-20,ibd,social_ig_followers,40,snapshot,instagram_api
2026-06-20,ibd,social_ig_likes_last10,32,last10,instagram_api
2026-06-20,ibd,social_ig_comments_last10,0,last10,instagram_api
2026-06-20,ibd,social_ig_reach_last10,161,last10,instagram_api
2026-06-21,glyc,ga4_total_users,75,28d,ga4_api
2026-06-21,glyc,ga4_engaged_sessions,124,28d,ga4_api
2026-06-21,glyc,ga4_debotted_sessions,134,28d,ga4_api
2026-06-21,glyc,ga4_sign_ups,0,28d,ga4_api
2026-06-21,glyc,ga4_returning_users,145,28d,ga4_api
2026-06-21,glyc,utm_social_sessions,90,28d,ga4_api
2026-06-21,glyc,ga4_device_desktop_users,48,28d,ga4_api
2026-06-21,glyc,ga4_device_desktop_engaged_sessions,80,28d,ga4_api
2026-06-21,glyc,ga4_device_mobile_users,25,28d,ga4_api
2026-06-21,glyc,ga4_device_mobile_engaged_sessions,26,28d,ga4_api
2026-06-21,glyc,ga4_device_tablet_users,4,28d,ga4_api
2026-06-21,glyc,ga4_device_tablet_engaged_sessions,21,28d,ga4_api
2026-06-21,glyc,sign_in_prompt_impression,0,28d,ga4_api
2026-06-21,glyc,sign_in_prompt_click,0,28d,ga4_api
2026-06-21,glyc,guest_limit_impression,0,28d,ga4_api
2026-06-21,glyc,guest_limit_click,0,28d,ga4_api
2026-06-21,glyc,post_result_cta_impression,0,28d,ga4_api
2026-06-21,glyc,post_result_cta_click,0,28d,ga4_api
2026-06-21,glyc,login_page_view,6,28d,ga4_api
2026-06-21,ibd,ga4_total_users,518,28d,ga4_api
2026-06-21,ibd,ga4_engaged_sessions,36,28d,ga4_api
2026-06-21,ibd,ga4_debotted_sessions,41,28d,ga4_api
2026-06-21,ibd,ga4_sign_ups,0,28d,ga4_api
2026-06-21,ibd,ga4_returning_users,16,28d,ga4_api
2026-06-21,ibd,utm_social_sessions,32,28d,ga4_api
2026-06-21,ibd,ga4_device_desktop_users,500,28d,ga4_api
2026-06-21,ibd,ga4_device_desktop_engaged_sessions,28,28d,ga4_api
2026-06-21,ibd,ga4_device_mobile_users,16,28d,ga4_api
2026-06-21,ibd,ga4_device_mobile_engaged_sessions,4,28d,ga4_api
2026-06-21,ibd,ga4_device_tablet_users,2,28d,ga4_api
2026-06-21,ibd,ga4_device_tablet_engaged_sessions,4,28d,ga4_api
2026-06-21,glyc,gsc_clicks,0,7d,gsc_api
2026-06-21,glyc,gsc_impressions,35,7d,gsc_api
2026-06-21,glyc,gsc_avg_position,59.3,7d,gsc_api
2026-06-21,ibd,gsc_clicks,0,7d,gsc_api
2026-06-21,ibd,gsc_impressions,10,7d,gsc_api
2026-06-21,ibd,gsc_avg_position,67.0,7d,gsc_api
2026-06-21,glyc,social_bsky_followers,75,snapshot,bluesky_api
2026-06-21,glyc,social_bsky_likes_last10,15,last10,bluesky_api
2026-06-21,glyc,social_bsky_reposts_last10,1,last10,bluesky_api
2026-06-21,glyc,social_masto_followers,2,snapshot,mastodon_api
2026-06-21,glyc,social_masto_favs_last10,6,last10,mastodon_api
2026-06-21,glyc,social_masto_boosts_last10,1,last10,mastodon_api
2026-06-21,ibd,social_bsky_followers,67,snapshot,bluesky_api
2026-06-21,ibd,social_bsky_likes_last10,12,last10,bluesky_api
2026-06-21,ibd,social_bsky_reposts_last10,0,last10,bluesky_api
2026-06-21,ibd,social_masto_followers,4,snapshot,mastodon_api
2026-06-21,ibd,social_masto_favs_last10,10,last10,mastodon_api
2026-06-21,ibd,social_masto_boosts_last10,1,last10,mastodon_api
2026-06-21,glyc,social_ig_followers,80,snapshot,instagram_api
2026-06-21,glyc,social_ig_likes_last10,30,last10,instagram_api
2026-06-21,glyc,social_ig_comments_last10,3,last10,instagram_api
2026-06-21,glyc,social_ig_reach_last10,252,last10,instagram_api
2026-06-21,ibd,social_ig_followers,41,snapshot,instagram_api
2026-06-21,ibd,social_ig_likes_last10,32,last10,instagram_api
2026-06-21,ibd,social_ig_comments_last10,0,last10,instagram_api
2026-06-21,ibd,social_ig_reach_last10,171,last10,instagram_api
2026-06-22,glyc,ga4_total_users,76,28d,ga4_api
2026-06-22,glyc,ga4_engaged_sessions,124,28d,ga4_api
2026-06-22,glyc,ga4_debotted_sessions,137,28d,ga4_api
2026-06-22,glyc,ga4_sign_ups,0,28d,ga4_api
2026-06-22,glyc,ga4_returning_users,143,28d,ga4_api
2026-06-22,glyc,utm_social_sessions,93,28d,ga4_api
2026-06-22,glyc,ga4_device_desktop_users,48,28d,ga4_api
2026-06-22,glyc,ga4_device_desktop_engaged_sessions,80,28d,ga4_api
2026-06-22,glyc,ga4_device_mobile_users,26,28d,ga4_api
2026-06-22,glyc,ga4_device_mobile_engaged_sessions,26,28d,ga4_api
2026-06-22,glyc,ga4_device_tablet_users,4,28d,ga4_api
2026-06-22,glyc,ga4_device_tablet_engaged_sessions,21,28d,ga4_api
2026-06-22,glyc,sign_in_prompt_impression,0,28d,ga4_api
2026-06-22,glyc,sign_in_prompt_click,0,28d,ga4_api
2026-06-22,glyc,guest_limit_impression,0,28d,ga4_api
2026-06-22,glyc,guest_limit_click,0,28d,ga4_api
2026-06-22,glyc,post_result_cta_impression,2,28d,ga4_api
2026-06-22,glyc,post_result_cta_click,0,28d,ga4_api
2026-06-22,glyc,login_page_view,6,28d,ga4_api
2026-06-22,ibd,ga4_total_users,525,28d,ga4_api
2026-06-22,ibd,ga4_engaged_sessions,36,28d,ga4_api
2026-06-22,ibd,ga4_debotted_sessions,42,28d,ga4_api
2026-06-22,ibd,ga4_sign_ups,0,28d,ga4_api
2026-06-22,ibd,ga4_returning_users,17,28d,ga4_api
2026-06-22,ibd,utm_social_sessions,33,28d,ga4_api
2026-06-22,ibd,ga4_device_desktop_users,507,28d,ga4_api
2026-06-22,ibd,ga4_device_desktop_engaged_sessions,27,28d,ga4_api
2026-06-22,ibd,ga4_device_mobile_users,16,28d,ga4_api
2026-06-22,ibd,ga4_device_mobile_engaged_sessions,5,28d,ga4_api
2026-06-22,ibd,ga4_device_tablet_users,2,28d,ga4_api
2026-06-22,ibd,ga4_device_tablet_engaged_sessions,4,28d,ga4_api
2026-06-22,glyc,gsc_clicks,0,7d,gsc_api
2026-06-22,glyc,gsc_impressions,36,7d,gsc_api
2026-06-22,glyc,gsc_avg_position,63.2,7d,gsc_api
2026-06-22,ibd,gsc_clicks,0,7d,gsc_api
2026-06-22,ibd,gsc_impressions,16,7d,gsc_api
2026-06-22,ibd,gsc_avg_position,62.5,7d,gsc_api
2026-06-22,glyc,social_bsky_followers,76,snapshot,bluesky_api
2026-06-22,glyc,social_bsky_likes_last10,19,last10,bluesky_api
2026-06-22,glyc,social_bsky_reposts_last10,1,last10,bluesky_api
2026-06-22,glyc,social_masto_followers,2,snapshot,mastodon_api
2026-06-22,glyc,social_masto_favs_last10,9,last10,mastodon_api
2026-06-22,glyc,social_masto_boosts_last10,1,last10,mastodon_api
2026-06-22,ibd,social_bsky_followers,68,snapshot,bluesky_api
2026-06-22,ibd,social_bsky_likes_last10,14,last10,bluesky_api
2026-06-22,ibd,social_bsky_reposts_last10,0,last10,bluesky_api
2026-06-22,ibd,social_masto_followers,4,snapshot,mastodon_api
2026-06-22,ibd,social_masto_favs_last10,10,last10,mastodon_api
2026-06-22,ibd,social_masto_boosts_last10,1,last10,mastodon_api
2026-06-22,glyc,social_ig_followers,82,snapshot,instagram_api
2026-06-22,glyc,social_ig_likes_last10,30,last10,instagram_api
2026-06-22,glyc,social_ig_comments_last10,3,last10,instagram_api
2026-06-22,glyc,social_ig_reach_last10,255,last10,instagram_api
2026-06-22,ibd,social_ig_followers,41,snapshot,instagram_api
2026-06-22,ibd,social_ig_likes_last10,32,last10,instagram_api
2026-06-22,ibd,social_ig_comments_last10,0,last10,instagram_api
2026-06-22,ibd,social_ig_reach_last10,183,last10,instagram_api
2026-06-21,glyc,cadence_recipes_actual,11,weekly,api
2026-06-21,glyc,cadence_articles_actual,3,weekly,api
2026-06-21,ibd,cadence_articles_actual,2,weekly,api
2026-06-21,glyc,cadence_social_bsky_actual,3,weekly,api
2026-06-21,glyc,cadence_social_ig_actual,3,weekly,api
2026-06-21,glyc,cadence_social_masto_actual,3,weekly,api
2026-06-21,glyc,cadence_social_x_actual,4,weekly,api
2026-06-21,ibd,cadence_social_bsky_actual,1,weekly,api
2026-06-21,ibd,cadence_social_ig_actual,1,weekly,api
2026-06-21,ibd,cadence_social_masto_actual,1,weekly,api
2026-06-21,ibd,cadence_social_x_actual,1,weekly,api
2026-06-21,glyc,gsc_targetset_ranking_count,0,weekly,gsc_api
2026-06-21,glyc,gsc_targetset_page1to3_count,0,weekly,gsc_api
2026-06-21,glyc,gsc_targetset_page1_count,0,weekly,gsc_api
2026-06-21,ibd,gsc_targetset_ranking_count,0,weekly,gsc_api
2026-06-21,ibd,gsc_targetset_page1to3_count,0,weekly,gsc_api
2026-06-21,ibd,gsc_targetset_page1_count,0,weekly,gsc_api
2026-06-23,glyc,ga4_total_users,76,28d,ga4_api
2026-06-23,glyc,ga4_engaged_sessions,124,28d,ga4_api
2026-06-23,glyc,ga4_debotted_sessions,136,28d,ga4_api
2026-06-23,glyc,ga4_sign_ups,0,28d,ga4_api
2026-06-23,glyc,ga4_returning_users,143,28d,ga4_api
2026-06-23,glyc,utm_social_sessions,93,28d,ga4_api
2026-06-23,glyc,ga4_device_desktop_users,48,28d,ga4_api
2026-06-23,glyc,ga4_device_desktop_engaged_sessions,79,28d,ga4_api
2026-06-23,glyc,ga4_device_mobile_users,26,28d,ga4_api
2026-06-23,glyc,ga4_device_mobile_engaged_sessions,26,28d,ga4_api
2026-06-23,glyc,ga4_device_tablet_users,4,28d,ga4_api
2026-06-23,glyc,ga4_device_tablet_engaged_sessions,22,28d,ga4_api
2026-06-23,glyc,sign_in_prompt_impression,0,28d,ga4_api
2026-06-23,glyc,sign_in_prompt_click,0,28d,ga4_api
2026-06-23,glyc,guest_limit_impression,0,28d,ga4_api
2026-06-23,glyc,guest_limit_click,0,28d,ga4_api
2026-06-23,glyc,post_result_cta_impression,2,28d,ga4_api
2026-06-23,glyc,post_result_cta_click,0,28d,ga4_api
2026-06-23,glyc,login_page_view,6,28d,ga4_api
2026-06-23,ibd,ga4_total_users,523,28d,ga4_api
2026-06-23,ibd,ga4_engaged_sessions,36,28d,ga4_api
2026-06-23,ibd,ga4_debotted_sessions,43,28d,ga4_api
2026-06-23,ibd,ga4_sign_ups,0,28d,ga4_api
2026-06-23,ibd,ga4_returning_users,17,28d,ga4_api
2026-06-23,ibd,utm_social_sessions,34,28d,ga4_api
2026-06-23,ibd,ga4_device_desktop_users,505,28d,ga4_api
2026-06-23,ibd,ga4_device_desktop_engaged_sessions,27,28d,ga4_api
2026-06-23,ibd,ga4_device_mobile_users,16,28d,ga4_api
2026-06-23,ibd,ga4_device_mobile_engaged_sessions,5,28d,ga4_api
2026-06-23,ibd,ga4_device_tablet_users,2,28d,ga4_api
2026-06-23,ibd,ga4_device_tablet_engaged_sessions,4,28d,ga4_api
2026-06-23,glyc,gsc_clicks,0,7d,gsc_api
2026-06-23,glyc,gsc_impressions,38,7d,gsc_api
2026-06-23,glyc,gsc_avg_position,64.5,7d,gsc_api
2026-06-23,ibd,gsc_clicks,0,7d,gsc_api
2026-06-23,ibd,gsc_impressions,18,7d,gsc_api
2026-06-23,ibd,gsc_avg_position,62.2,7d,gsc_api
2026-06-23,glyc,social_bsky_followers,78,snapshot,bluesky_api
2026-06-23,glyc,social_bsky_likes_last10,16,last10,bluesky_api
2026-06-23,glyc,social_bsky_reposts_last10,0,last10,bluesky_api
2026-06-23,glyc,social_masto_followers,2,snapshot,mastodon_api
2026-06-23,glyc,social_masto_favs_last10,9,last10,mastodon_api
2026-06-23,glyc,social_masto_boosts_last10,1,last10,mastodon_api
2026-06-23,ibd,social_bsky_followers,72,snapshot,bluesky_api
2026-06-23,ibd,social_bsky_likes_last10,12,last10,bluesky_api
2026-06-23,ibd,social_bsky_reposts_last10,0,last10,bluesky_api
2026-06-23,ibd,social_masto_followers,4,snapshot,mastodon_api
2026-06-23,ibd,social_masto_favs_last10,9,last10,mastodon_api
2026-06-23,ibd,social_masto_boosts_last10,2,last10,mastodon_api
2026-06-23,glyc,social_ig_followers,83,snapshot,instagram_api
2026-06-23,glyc,social_ig_likes_last10,23,last10,instagram_api
2026-06-23,glyc,social_ig_comments_last10,3,last10,instagram_api
2026-06-23,glyc,social_ig_reach_last10,220,last10,instagram_api
2026-06-23,ibd,social_ig_followers,41,snapshot,instagram_api
2026-06-23,ibd,social_ig_likes_last10,23,last10,instagram_api
2026-06-23,ibd,social_ig_comments_last10,0,last10,instagram_api
2026-06-23,ibd,social_ig_reach_last10,191,last10,instagram_api
2026-06-23,glyc,social_fb_followers,0,snapshot,facebook_api
2026-06-23,glyc,social_fb_reactions_last10,0,last10,facebook_api
2026-06-23,ibd,social_fb_followers,0,snapshot,facebook_api
2026-06-23,ibd,social_fb_reactions_last10,0,last10,facebook_api
2026-06-25,glyc,ga4_total_users,79,28d,ga4_api
2026-06-25,glyc,ga4_engaged_sessions,128,28d,ga4_api
2026-06-25,glyc,ga4_debotted_sessions,141,28d,ga4_api
2026-06-25,glyc,ga4_sign_ups,0,28d,ga4_api
2026-06-25,glyc,ga4_returning_users,154,28d,ga4_api
2026-06-25,glyc,utm_social_sessions,102,28d,ga4_api
2026-06-25,glyc,ga4_device_desktop_users,51,28d,ga4_api
2026-06-25,glyc,ga4_device_desktop_engaged_sessions,80,28d,ga4_api
2026-06-25,glyc,ga4_device_mobile_users,26,28d,ga4_api
2026-06-25,glyc,ga4_device_mobile_engaged_sessions,26,28d,ga4_api
2026-06-25,glyc,ga4_device_tablet_users,4,28d,ga4_api
2026-06-25,glyc,ga4_device_tablet_engaged_sessions,25,28d,ga4_api
2026-06-25,glyc,sign_in_prompt_impression,0,28d,ga4_api
2026-06-25,glyc,sign_in_prompt_click,0,28d,ga4_api
2026-06-25,glyc,guest_limit_impression,0,28d,ga4_api
2026-06-25,glyc,guest_limit_click,0,28d,ga4_api
2026-06-25,glyc,post_result_cta_impression,6,28d,ga4_api
2026-06-25,glyc,post_result_cta_click,0,28d,ga4_api
2026-06-25,glyc,login_page_view,6,28d,ga4_api
2026-06-25,ibd,ga4_total_users,552,28d,ga4_api
2026-06-25,ibd,ga4_engaged_sessions,36,28d,ga4_api
2026-06-25,ibd,ga4_debotted_sessions,44,28d,ga4_api
2026-06-25,ibd,ga4_sign_ups,0,28d,ga4_api
2026-06-25,ibd,ga4_returning_users,17,28d,ga4_api
2026-06-25,ibd,utm_social_sessions,39,28d,ga4_api
2026-06-25,ibd,ga4_device_desktop_users,530,28d,ga4_api
2026-06-25,ibd,ga4_device_desktop_engaged_sessions,26,28d,ga4_api
2026-06-25,ibd,ga4_device_mobile_users,20,28d,ga4_api
2026-06-25,ibd,ga4_device_mobile_engaged_sessions,6,28d,ga4_api
2026-06-25,ibd,ga4_device_tablet_users,2,28d,ga4_api
2026-06-25,ibd,ga4_device_tablet_engaged_sessions,4,28d,ga4_api
2026-06-25,glyc,gsc_clicks,0,7d,gsc_api
2026-06-25,glyc,gsc_impressions,31,7d,gsc_api
2026-06-25,glyc,gsc_avg_position,64.6,7d,gsc_api
2026-06-25,ibd,gsc_clicks,0,7d,gsc_api
2026-06-25,ibd,gsc_impressions,26,7d,gsc_api
2026-06-25,ibd,gsc_avg_position,68.3,7d,gsc_api
2026-06-25,glyc,social_bsky_followers,78,snapshot,bluesky_api
2026-06-25,glyc,social_bsky_likes_last10,13,last10,bluesky_api
2026-06-25,glyc,social_bsky_reposts_last10,0,last10,bluesky_api
2026-06-25,glyc,social_masto_followers,2,snapshot,mastodon_api
2026-06-25,glyc,social_masto_favs_last10,9,last10,mastodon_api
2026-06-25,glyc,social_masto_boosts_last10,1,last10,mastodon_api
2026-06-25,ibd,social_bsky_followers,75,snapshot,bluesky_api
2026-06-25,ibd,social_bsky_likes_last10,13,last10,bluesky_api
2026-06-25,ibd,social_bsky_reposts_last10,0,last10,bluesky_api
2026-06-25,ibd,social_masto_followers,4,snapshot,mastodon_api
2026-06-25,ibd,social_masto_favs_last10,9,last10,mastodon_api
2026-06-25,ibd,social_masto_boosts_last10,2,last10,mastodon_api
2026-06-25,glyc,social_ig_followers,86,snapshot,instagram_api
2026-06-25,glyc,social_ig_likes_last10,21,last10,instagram_api
2026-06-25,glyc,social_ig_comments_last10,3,last10,instagram_api
2026-06-25,glyc,social_ig_reach_last10,220,last10,instagram_api
2026-06-25,ibd,social_ig_followers,43,snapshot,instagram_api
2026-06-25,ibd,social_ig_likes_last10,23,last10,instagram_api
2026-06-25,ibd,social_ig_comments_last10,0,last10,instagram_api
2026-06-25,ibd,social_ig_reach_last10,198,last10,instagram_api
2026-06-25,glyc,social_fb_followers,0,snapshot,facebook_api
2026-06-25,glyc,social_fb_reactions_last10,0,last10,facebook_api
2026-06-25,ibd,social_fb_followers,0,snapshot,facebook_api
2026-06-25,ibd,social_fb_reactions_last10,0,last10,facebook_api
2026-06-26,glyc,ga4_total_users,80,28d,ga4_api
2026-06-26,glyc,ga4_engaged_sessions,127,28d,ga4_api
2026-06-26,glyc,ga4_debotted_sessions,143,28d,ga4_api
2026-06-26,glyc,ga4_sign_ups,0,28d,ga4_api
2026-06-26,glyc,ga4_returning_users,156,28d,ga4_api
2026-06-26,glyc,utm_social_sessions,100,28d,ga4_api
2026-06-26,glyc,ga4_device_desktop_users,51,28d,ga4_api
2026-06-26,glyc,ga4_device_desktop_engaged_sessions,79,28d,ga4_api
2026-06-26,glyc,ga4_device_mobile_users,27,28d,ga4_api
2026-06-26,glyc,ga4_device_mobile_engaged_sessions,26,28d,ga4_api
2026-06-26,glyc,ga4_device_tablet_users,4,28d,ga4_api
2026-06-26,glyc,ga4_device_tablet_engaged_sessions,25,28d,ga4_api
2026-06-26,glyc,sign_in_prompt_impression,0,28d,ga4_api
2026-06-26,glyc,sign_in_prompt_click,0,28d,ga4_api
2026-06-26,glyc,guest_limit_impression,0,28d,ga4_api
2026-06-26,glyc,guest_limit_click,0,28d,ga4_api
2026-06-26,glyc,post_result_cta_impression,6,28d,ga4_api
2026-06-26,glyc,post_result_cta_click,0,28d,ga4_api
2026-06-26,glyc,login_page_view,6,28d,ga4_api
2026-06-26,ibd,ga4_total_users,558,28d,ga4_api
2026-06-26,ibd,ga4_engaged_sessions,32,28d,ga4_api
2026-06-26,ibd,ga4_debotted_sessions,39,28d,ga4_api
2026-06-26,ibd,ga4_sign_ups,0,28d,ga4_api
2026-06-26,ibd,ga4_returning_users,14,28d,ga4_api
2026-06-26,ibd,utm_social_sessions,34,28d,ga4_api
2026-06-26,ibd,ga4_device_desktop_users,536,28d,ga4_api
2026-06-26,ibd,ga4_device_desktop_engaged_sessions,22,28d,ga4_api
2026-06-26,ibd,ga4_device_mobile_users,20,28d,ga4_api
2026-06-26,ibd,ga4_device_mobile_engaged_sessions,6,28d,ga4_api
2026-06-26,ibd,ga4_device_tablet_users,2,28d,ga4_api
2026-06-26,ibd,ga4_device_tablet_engaged_sessions,4,28d,ga4_api
2026-06-26,glyc,gsc_clicks,0,7d,gsc_api
2026-06-26,glyc,gsc_impressions,31,7d,gsc_api
2026-06-26,glyc,gsc_avg_position,70.7,7d,gsc_api
2026-06-26,ibd,gsc_clicks,0,7d,gsc_api
2026-06-26,ibd,gsc_impressions,24,7d,gsc_api
2026-06-26,ibd,gsc_avg_position,68.1,7d,gsc_api
2026-06-26,glyc,social_bsky_followers,78,snapshot,bluesky_api
2026-06-26,glyc,social_bsky_likes_last10,13,last10,bluesky_api
2026-06-26,glyc,social_bsky_reposts_last10,0,last10,bluesky_api
2026-06-26,glyc,social_masto_followers,2,snapshot,mastodon_api
2026-06-26,glyc,social_masto_favs_last10,9,last10,mastodon_api
2026-06-26,glyc,social_masto_boosts_last10,1,last10,mastodon_api
2026-06-26,ibd,social_bsky_followers,77,snapshot,bluesky_api
2026-06-26,ibd,social_bsky_likes_last10,13,last10,bluesky_api
2026-06-26,ibd,social_bsky_reposts_last10,0,last10,bluesky_api
2026-06-26,ibd,social_masto_followers,4,snapshot,mastodon_api
2026-06-26,ibd,social_masto_favs_last10,9,last10,mastodon_api
2026-06-26,ibd,social_masto_boosts_last10,2,last10,mastodon_api
2026-06-26,glyc,social_ig_followers,87,snapshot,instagram_api
2026-06-26,glyc,social_ig_likes_last10,21,last10,instagram_api
2026-06-26,glyc,social_ig_comments_last10,3,last10,instagram_api
2026-06-26,glyc,social_ig_reach_last10,226,last10,instagram_api
2026-06-26,ibd,social_ig_followers,44,snapshot,instagram_api
2026-06-26,ibd,social_ig_likes_last10,23,last10,instagram_api
2026-06-26,ibd,social_ig_comments_last10,0,last10,instagram_api
2026-06-26,ibd,social_ig_reach_last10,198,last10,instagram_api
2026-06-26,glyc,social_fb_followers,0,snapshot,facebook_api
2026-06-26,glyc,social_fb_reactions_last10,0,last10,facebook_api
2026-06-26,ibd,social_fb_followers,0,snapshot,facebook_api
2026-06-26,ibd,social_fb_reactions_last10,0,last10,facebook_api
2026-06-27,glyc,ga4_total_users,95,28d,ga4_api
2026-06-27,glyc,ga4_engaged_sessions,125,28d,ga4_api
2026-06-27,glyc,ga4_debotted_sessions,165,28d,ga4_api
2026-06-27,glyc,ga4_sign_ups,1,28d,ga4_api
2026-06-27,glyc,ga4_returning_users,164,28d,ga4_api
2026-06-27,glyc,utm_social_sessions,102,28d,ga4_api
2026-06-27,glyc,ga4_device_desktop_users,64,28d,ga4_api
2026-06-27,glyc,ga4_device_desktop_engaged_sessions,76,28d,ga4_api
2026-06-27,glyc,ga4_device_mobile_users,29,28d,ga4_api
2026-06-27,glyc,ga4_device_mobile_engaged_sessions,27,28d,ga4_api
2026-06-27,glyc,ga4_device_tablet_users,4,28d,ga4_api
2026-06-27,glyc,ga4_device_tablet_engaged_sessions,25,28d,ga4_api
2026-06-27,glyc,sign_in_prompt_impression,0,28d,ga4_api
2026-06-27,glyc,sign_in_prompt_click,0,28d,ga4_api
2026-06-27,glyc,guest_limit_impression,0,28d,ga4_api
2026-06-27,glyc,guest_limit_click,0,28d,ga4_api
2026-06-27,glyc,post_result_cta_impression,7,28d,ga4_api
2026-06-27,glyc,post_result_cta_click,0,28d,ga4_api
2026-06-27,glyc,login_page_view,7,28d,ga4_api
2026-06-27,ibd,ga4_total_users,555,28d,ga4_api
2026-06-27,ibd,ga4_engaged_sessions,34,28d,ga4_api
2026-06-27,ibd,ga4_debotted_sessions,38,28d,ga4_api
2026-06-27,ibd,ga4_sign_ups,0,28d,ga4_api
2026-06-27,ibd,ga4_returning_users,13,28d,ga4_api
2026-06-27,ibd,utm_social_sessions,33,28d,ga4_api
2026-06-27,ibd,ga4_device_desktop_users,534,28d,ga4_api
2026-06-27,ibd,ga4_device_desktop_engaged_sessions,24,28d,ga4_api
2026-06-27,ibd,ga4_device_mobile_users,19,28d,ga4_api
2026-06-27,ibd,ga4_device_mobile_engaged_sessions,6,28d,ga4_api
2026-06-27,ibd,ga4_device_tablet_users,2,28d,ga4_api
2026-06-27,ibd,ga4_device_tablet_engaged_sessions,4,28d,ga4_api
2026-06-27,glyc,gsc_clicks,0,7d,gsc_api
2026-06-27,glyc,gsc_impressions,31,7d,gsc_api
2026-06-27,glyc,gsc_avg_position,71.3,7d,gsc_api
2026-06-27,ibd,gsc_clicks,0,7d,gsc_api
2026-06-27,ibd,gsc_impressions,25,7d,gsc_api
2026-06-27,ibd,gsc_avg_position,65.6,7d,gsc_api
2026-06-27,glyc,social_bsky_followers,80,snapshot,bluesky_api
2026-06-27,glyc,social_bsky_likes_last10,13,last10,bluesky_api
2026-06-27,glyc,social_bsky_reposts_last10,0,last10,bluesky_api
2026-06-27,glyc,social_masto_followers,2,snapshot,mastodon_api
2026-06-27,glyc,social_masto_favs_last10,9,last10,mastodon_api
2026-06-27,glyc,social_masto_boosts_last10,1,last10,mastodon_api
2026-06-27,ibd,social_masto_followers,4,snapshot,mastodon_api
2026-06-27,ibd,social_masto_favs_last10,9,last10,mastodon_api
2026-06-27,ibd,social_masto_boosts_last10,3,last10,mastodon_api
2026-06-27,glyc,social_ig_followers,87,snapshot,instagram_api
2026-06-27,glyc,social_ig_likes_last10,21,last10,instagram_api
2026-06-27,glyc,social_ig_comments_last10,3,last10,instagram_api
2026-06-27,glyc,social_ig_reach_last10,208,last10,instagram_api
2026-06-27,ibd,social_ig_followers,44,snapshot,instagram_api
2026-06-27,ibd,social_ig_likes_last10,20,last10,instagram_api
2026-06-27,ibd,social_ig_comments_last10,0,last10,instagram_api
2026-06-27,ibd,social_ig_reach_last10,182,last10,instagram_api
2026-06-27,glyc,social_fb_followers,0,snapshot,facebook_api
2026-06-27,glyc,social_fb_reactions_last10,0,last10,facebook_api
2026-06-27,ibd,social_fb_followers,0,snapshot,facebook_api
2026-06-27,ibd,social_fb_reactions_last10,0,last10,facebook_api
2026-06-27,ibd,social_bsky_followers,77,snapshot,bluesky_api
2026-06-27,ibd,social_bsky_likes_last10,11,last10,bluesky_api
2026-06-27,ibd,social_bsky_reposts_last10,0,last10,bluesky_api
2026-06-28,glyc,ga4_total_users,96,28d,ga4_api
2026-06-28,glyc,ga4_engaged_sessions,155,28d,ga4_api
2026-06-28,glyc,ga4_debotted_sessions,144,28d,ga4_api
2026-06-28,glyc,ga4_sign_ups,1,28d,ga4_api
2026-06-28,glyc,ga4_returning_users,181,28d,ga4_api
2026-06-28,glyc,utm_social_sessions,101,28d,ga4_api
2026-06-28,glyc,ga4_device_desktop_users,64,28d,ga4_api
2026-06-28,glyc,ga4_device_desktop_engaged_sessions,95,28d,ga4_api
2026-06-28,glyc,ga4_device_mobile_users,30,28d,ga4_api
2026-06-28,glyc,ga4_device_mobile_engaged_sessions,31,28d,ga4_api
2026-06-28,glyc,ga4_device_tablet_users,4,28d,ga4_api
2026-06-28,glyc,ga4_device_tablet_engaged_sessions,32,28d,ga4_api
2026-06-28,glyc,sign_in_prompt_impression,0,28d,ga4_api
2026-06-28,glyc,sign_in_prompt_click,0,28d,ga4_api
2026-06-28,glyc,guest_limit_impression,0,28d,ga4_api
2026-06-28,glyc,guest_limit_click,0,28d,ga4_api
2026-06-28,glyc,post_result_cta_impression,9,28d,ga4_api
2026-06-28,glyc,post_result_cta_click,0,28d,ga4_api
2026-06-28,glyc,login_page_view,7,28d,ga4_api
2026-06-28,ibd,ga4_total_users,558,28d,ga4_api
2026-06-28,ibd,ga4_engaged_sessions,33,28d,ga4_api
2026-06-28,ibd,ga4_debotted_sessions,39,28d,ga4_api
2026-06-28,ibd,ga4_sign_ups,0,28d,ga4_api
2026-06-28,ibd,ga4_returning_users,13,28d,ga4_api
2026-06-28,ibd,utm_social_sessions,32,28d,ga4_api
2026-06-28,ibd,ga4_device_desktop_users,538,28d,ga4_api
2026-06-28,ibd,ga4_device_desktop_engaged_sessions,24,28d,ga4_api
2026-06-28,ibd,ga4_device_mobile_users,18,28d,ga4_api
2026-06-28,ibd,ga4_device_mobile_engaged_sessions,5,28d,ga4_api
2026-06-28,ibd,ga4_device_tablet_users,2,28d,ga4_api
2026-06-28,ibd,ga4_device_tablet_engaged_sessions,4,28d,ga4_api
2026-06-28,glyc,gsc_clicks,0,7d,gsc_api
2026-06-28,glyc,gsc_impressions,30,7d,gsc_api
2026-06-28,glyc,gsc_avg_position,67.9,7d,gsc_api
2026-06-28,ibd,gsc_clicks,0,7d,gsc_api
2026-06-28,ibd,gsc_impressions,27,7d,gsc_api
2026-06-28,ibd,gsc_avg_position,66.3,7d,gsc_api
2026-06-28,glyc,social_bsky_followers,80,snapshot,bluesky_api
2026-06-28,glyc,social_bsky_likes_last10,13,last10,bluesky_api
2026-06-28,glyc,social_bsky_reposts_last10,0,last10,bluesky_api
2026-06-28,glyc,social_masto_followers,2,snapshot,mastodon_api
2026-06-28,glyc,social_masto_favs_last10,9,last10,mastodon_api
2026-06-28,glyc,social_masto_boosts_last10,1,last10,mastodon_api
2026-06-28,ibd,social_bsky_followers,77,snapshot,bluesky_api
2026-06-28,ibd,social_bsky_likes_last10,11,last10,bluesky_api
2026-06-28,ibd,social_bsky_reposts_last10,0,last10,bluesky_api
2026-06-28,ibd,social_masto_followers,4,snapshot,mastodon_api
2026-06-28,ibd,social_masto_favs_last10,9,last10,mastodon_api
2026-06-28,ibd,social_masto_boosts_last10,3,last10,mastodon_api
2026-06-28,glyc,social_ig_followers,87,snapshot,instagram_api
2026-06-28,glyc,social_ig_likes_last10,21,last10,instagram_api
2026-06-28,glyc,social_ig_comments_last10,3,last10,instagram_api
2026-06-28,glyc,social_ig_reach_last10,220,last10,instagram_api
2026-06-28,ibd,social_ig_followers,44,snapshot,instagram_api
2026-06-28,ibd,social_ig_likes_last10,20,last10,instagram_api
2026-06-28,ibd,social_ig_comments_last10,0,last10,instagram_api
2026-06-28,ibd,social_ig_reach_last10,188,last10,instagram_api
2026-06-28,glyc,social_fb_followers,0,snapshot,facebook_api
2026-06-28,glyc,social_fb_reactions_last10,0,last10,facebook_api
2026-06-28,ibd,social_fb_followers,0,snapshot,facebook_api
2026-06-28,ibd,social_fb_reactions_last10,0,last10,facebook_api
2026-06-29,glyc,ga4_total_users,88,28d,ga4_api
2026-06-29,glyc,ga4_engaged_sessions,154,28d,ga4_api
2026-06-29,glyc,ga4_debotted_sessions,146,28d,ga4_api
2026-06-29,glyc,ga4_sign_ups,1,28d,ga4_api
2026-06-29,glyc,ga4_returning_users,182,28d,ga4_api
2026-06-29,glyc,utm_social_sessions,100,28d,ga4_api
2026-06-29,glyc,ga4_device_desktop_users,58,28d,ga4_api
2026-06-29,glyc,ga4_device_desktop_engaged_sessions,97,28d,ga4_api
2026-06-29,glyc,ga4_device_mobile_users,28,28d,ga4_api
2026-06-29,glyc,ga4_device_mobile_engaged_sessions,29,28d,ga4_api
2026-06-29,glyc,ga4_device_tablet_users,4,28d,ga4_api
2026-06-29,glyc,ga4_device_tablet_engaged_sessions,31,28d,ga4_api
2026-06-29,glyc,sign_in_prompt_impression,0,28d,ga4_api
2026-06-29,glyc,sign_in_prompt_click,0,28d,ga4_api
2026-06-29,glyc,guest_limit_impression,0,28d,ga4_api
2026-06-29,glyc,guest_limit_click,0,28d,ga4_api
2026-06-29,glyc,post_result_cta_impression,9,28d,ga4_api
2026-06-29,glyc,post_result_cta_click,0,28d,ga4_api
2026-06-29,glyc,login_page_view,7,28d,ga4_api
2026-06-29,ibd,ga4_total_users,556,28d,ga4_api
2026-06-29,ibd,ga4_engaged_sessions,29,28d,ga4_api
2026-06-29,ibd,ga4_debotted_sessions,38,28d,ga4_api
2026-06-29,ibd,ga4_sign_ups,0,28d,ga4_api
2026-06-29,ibd,ga4_returning_users,10,28d,ga4_api
2026-06-29,ibd,utm_social_sessions,30,28d,ga4_api
2026-06-29,ibd,ga4_device_desktop_users,537,28d,ga4_api
2026-06-29,ibd,ga4_device_desktop_engaged_sessions,21,28d,ga4_api
2026-06-29,ibd,ga4_device_mobile_users,17,28d,ga4_api
2026-06-29,ibd,ga4_device_mobile_engaged_sessions,5,28d,ga4_api
2026-06-29,ibd,ga4_device_tablet_users,2,28d,ga4_api
2026-06-29,ibd,ga4_device_tablet_engaged_sessions,3,28d,ga4_api
2026-06-29,glyc,gsc_clicks,0,7d,gsc_api
2026-06-29,glyc,gsc_impressions,28,7d,gsc_api
2026-06-29,glyc,gsc_avg_position,69.0,7d,gsc_api
2026-06-29,ibd,gsc_clicks,0,7d,gsc_api
2026-06-29,ibd,gsc_impressions,23,7d,gsc_api
2026-06-29,ibd,gsc_avg_position,68.7,7d,gsc_api
2026-06-29,glyc,social_bsky_followers,80,snapshot,bluesky_api
2026-06-29,glyc,social_bsky_likes_last10,13,last10,bluesky_api
2026-06-29,glyc,social_bsky_reposts_last10,0,last10,bluesky_api
2026-06-29,glyc,social_masto_followers,2,snapshot,mastodon_api
2026-06-29,glyc,social_masto_favs_last10,9,last10,mastodon_api
2026-06-29,glyc,social_masto_boosts_last10,1,last10,mastodon_api
2026-06-29,ibd,social_bsky_followers,79,snapshot,bluesky_api
2026-06-29,ibd,social_bsky_likes_last10,10,last10,bluesky_api
2026-06-29,ibd,social_bsky_reposts_last10,0,last10,bluesky_api
2026-06-29,ibd,social_masto_followers,4,snapshot,mastodon_api
2026-06-29,ibd,social_masto_favs_last10,8,last10,mastodon_api
2026-06-29,ibd,social_masto_boosts_last10,4,last10,mastodon_api
2026-06-29,glyc,social_ig_followers,88,snapshot,instagram_api
2026-06-29,glyc,social_ig_likes_last10,21,last10,instagram_api
2026-06-29,glyc,social_ig_comments_last10,3,last10,instagram_api
2026-06-29,glyc,social_ig_reach_last10,224,last10,instagram_api
2026-06-29,ibd,social_ig_followers,44,snapshot,instagram_api
2026-06-29,ibd,social_ig_likes_last10,18,last10,instagram_api
2026-06-29,ibd,social_ig_comments_last10,0,last10,instagram_api
2026-06-29,ibd,social_ig_reach_last10,168,last10,instagram_api
2026-06-29,glyc,social_fb_followers,0,snapshot,facebook_api
2026-06-29,glyc,social_fb_reactions_last10,0,last10,facebook_api
2026-06-29,ibd,social_fb_followers,0,snapshot,facebook_api
2026-06-29,ibd,social_fb_reactions_last10,0,last10,facebook_api
2026-06-29,glyc,indexed_pages,209,snapshot,browser-automation (gsc-ui)
2026-06-29,ibd,indexed_pages,91,snapshot,browser-automation (gsc-ui)
